Priority,Category,Route_ID,Recommended_Action,Evidence Metric
CRITICAL,Fleet Capacity Reallocation,R001,Deploy High-Capacity Articulated Vehicles on Route R001 or increase peak-hour dispatch frequency by 25%.,High Delay Rate (50.0%) across 5079 total trips (Avg Delay: 17.0 mins).
CRITICAL,Fleet Capacity Reallocation,R002,Deploy High-Capacity Articulated Vehicles on Route R002 or increase peak-hour dispatch frequency by 25%.,High Delay Rate (50.0%) across 4889 total trips (Avg Delay: 17.2 mins).
CRITICAL,Fleet Capacity Reallocation,R005,Deploy High-Capacity Articulated Vehicles on Route R005 or increase peak-hour dispatch frequency by 25%.,High Delay Rate (50.0%) across 4985 total trips (Avg Delay: 14.7 mins).
CRITICAL,Fleet Capacity Reallocation,R008,Deploy High-Capacity Articulated Vehicles on Route R008 or increase peak-hour dispatch frequency by 25%.,High Delay Rate (50.0%) across 4981 total trips (Avg Delay: 18.0 mins).
CRITICAL,Fleet Capacity Reallocation,R012,Deploy High-Capacity Articulated Vehicles on Route R012 or increase peak-hour dispatch frequency by 25%.,High Delay Rate (50.0%) across 5017 total trips (Avg Delay: 18.1 mins).
CRITICAL,Fleet Capacity Reallocation,R017,Deploy High-Capacity Articulated Vehicles on Route R017 or increase peak-hour dispatch frequency by 25%.,High Delay Rate (50.0%) across 5035 total trips (Avg Delay: 17.8 mins).
CRITICAL,Fleet Capacity Reallocation,R018,Deploy High-Capacity Articulated Vehicles on Route R018 or increase peak-hour dispatch frequency by 25%.,High Delay Rate (50.0%) across 5007 total trips (Avg Delay: 14.5 mins).
CRITICAL,Fleet Capacity Reallocation,R019,Deploy High-Capacity Articulated Vehicles on Route R019 or increase peak-hour dispatch frequency by 25%.,High Delay Rate (50.0%) across 5013 total trips (Avg Delay: 17.1 mins).
CRITICAL,Fleet Capacity Reallocation,R027,Deploy High-Capacity Articulated Vehicles on Route R027 or increase peak-hour dispatch frequency by 25%.,High Delay Rate (50.0%) across 4959 total trips (Avg Delay: 15.5 mins).
CRITICAL,Fleet Capacity Reallocation,R031,Deploy High-Capacity Articulated Vehicles on Route R031 or increase peak-hour dispatch frequency by 25%.,High Delay Rate (50.0%) across 5047 total trips (Avg Delay: 18.5 mins).
CRITICAL,Fleet Capacity Reallocation,R036,Deploy High-Capacity Articulated Vehicles on Route R036 or increase peak-hour dispatch frequency by 25%.,High Delay Rate (50.0%) across 4963 total trips (Avg Delay: 17.8 mins).
CRITICAL,Fleet Capacity Reallocation,R037,Deploy High-Capacity Articulated Vehicles on Route R037 or increase peak-hour dispatch frequency by 25%.,High Delay Rate (50.0%) across 5073 total trips (Avg Delay: 17.5 mins).
CRITICAL,Fleet Capacity Reallocation,R042,Deploy High-Capacity Articulated Vehicles on Route R042 or increase peak-hour dispatch frequency by 25%.,High Delay Rate (50.0%) across 5031 total trips (Avg Delay: 15.1 mins).
CRITICAL,Fleet Capacity Reallocation,R044,Deploy High-Capacity Articulated Vehicles on Route R044 or increase peak-hour dispatch frequency by 25%.,High Delay Rate (50.0%) across 5025 total trips (Avg Delay: 13.6 mins).
CRITICAL,Fleet Capacity Reallocation,R047,Deploy High-Capacity Articulated Vehicles on Route R047 or increase peak-hour dispatch frequency by 25%.,High Delay Rate (50.0%) across 4979 total trips (Avg Delay: 19.1 mins).
CRITICAL,Fleet Capacity Reallocation,R048,Deploy High-Capacity Articulated Vehicles on Route R048 or increase peak-hour dispatch frequency by 25%.,High Delay Rate (50.0%) across 4967 total trips (Avg Delay: 15.2 mins).
CRITICAL,Fleet Capacity Reallocation,R049,Deploy High-Capacity Articulated Vehicles on Route R049 or increase peak-hour dispatch frequency by 25%.,High Delay Rate (50.0%) across 4919 total trips (Avg Delay: 15.6 mins).
CRITICAL,Fleet Capacity Reallocation,R050,Deploy High-Capacity Articulated Vehicles on Route R050 or increase peak-hour dispatch frequency by 25%.,High Delay Rate (50.0%) across 5023 total trips (Avg Delay: 16.2 mins).
CRITICAL,Fleet Capacity Reallocation,R051,Deploy High-Capacity Articulated Vehicles on Route R051 or increase peak-hour dispatch frequency by 25%.,High Delay Rate (50.0%) across 5073 total trips (Avg Delay: 18.5 mins).
CRITICAL,Fleet Capacity Reallocation,R052,Deploy High-Capacity Articulated Vehicles on Route R052 or increase peak-hour dispatch frequency by 25%.,High Delay Rate (50.0%) across 5011 total trips (Avg Delay: 15.7 mins).
CRITICAL,Fleet Capacity Reallocation,R053,Deploy High-Capacity Articulated Vehicles on Route R053 or increase peak-hour dispatch frequency by 25%.,High Delay Rate (50.0%) across 4997 total trips (Avg Delay: 12.7 mins).
CRITICAL,Fleet Capacity Reallocation,R054,Deploy High-Capacity Articulated Vehicles on Route R054 or increase peak-hour dispatch frequency by 25%.,High Delay Rate (50.0%) across 4967 total trips (Avg Delay: 16.8 mins).
CRITICAL,Fleet Capacity Reallocation,R066,Deploy High-Capacity Articulated Vehicles on Route R066 or increase peak-hour dispatch frequency by 25%.,High Delay Rate (50.0%) across 4981 total trips (Avg Delay: 16.7 mins).
CRITICAL,Fleet Capacity Reallocation,R070,Deploy High-Capacity Articulated Vehicles on Route R070 or increase peak-hour dispatch frequency by 25%.,High Delay Rate (50.0%) across 4917 total trips (Avg Delay: 18.8 mins).
CRITICAL,Fleet Capacity Reallocation,R078,Deploy High-Capacity Articulated Vehicles on Route R078 or increase peak-hour dispatch frequency by 25%.,High Delay Rate (50.0%) across 4943 total trips (Avg Delay: 14.6 mins).
CRITICAL,Fleet Capacity Reallocation,R084,Deploy High-Capacity Articulated Vehicles on Route R084 or increase peak-hour dispatch frequency by 25%.,High Delay Rate (50.0%) across 5025 total trips (Avg Delay: 17.9 mins).
CRITICAL,Fleet Capacity Reallocation,R087,Deploy High-Capacity Articulated Vehicles on Route R087 or increase peak-hour dispatch frequency by 25%.,High Delay Rate (50.0%) across 5039 total trips (Avg Delay: 20.5 mins).
CRITICAL,Fleet Capacity Reallocation,R088,Deploy High-Capacity Articulated Vehicles on Route R088 or increase peak-hour dispatch frequency by 25%.,High Delay Rate (50.0%) across 4979 total trips (Avg Delay: 21.0 mins).
CRITICAL,Fleet Capacity Reallocation,R092,Deploy High-Capacity Articulated Vehicles on Route R092 or increase peak-hour dispatch frequency by 25%.,High Delay Rate (50.0%) across 4993 total trips (Avg Delay: 20.6 mins).
CRITICAL,Fleet Capacity Reallocation,R093,Deploy High-Capacity Articulated Vehicles on Route R093 or increase peak-hour dispatch frequency by 25%.,High Delay Rate (50.0%) across 5027 total trips (Avg Delay: 17.4 mins).
CRITICAL,Fleet Capacity Reallocation,R094,Deploy High-Capacity Articulated Vehicles on Route R094 or increase peak-hour dispatch frequency by 25%.,High Delay Rate (50.0%) across 4961 total trips (Avg Delay: 16.3 mins).
CRITICAL,Fleet Capacity Reallocation,R095,Deploy High-Capacity Articulated Vehicles on Route R095 or increase peak-hour dispatch frequency by 25%.,High Delay Rate (50.0%) across 4975 total trips (Avg Delay: 18.2 mins).
CRITICAL,Fleet Capacity Reallocation,R100,Deploy High-Capacity Articulated Vehicles on Route R100 or increase peak-hour dispatch frequency by 25%.,High Delay Rate (50.0%) across 4925 total trips (Avg Delay: 14.0 mins).
HIGH,Schedule & Buffer Time Optimization,R009,Add 2 to 4 minutes of recovery buffer time at terminal stops for Route R009 to prevent cascading delays.,Elevated operational delay vulnerability (Avg Delay: 19.5 mins across 21.7 km corridor).
HIGH,Schedule & Buffer Time Optimization,R014,Add 2 to 4 minutes of recovery buffer time at terminal stops for Route R014 to prevent cascading delays.,Elevated operational delay vulnerability (Avg Delay: 14.8 mins across 18.2 km corridor).
HIGH,Schedule & Buffer Time Optimization,R020,Add 2 to 4 minutes of recovery buffer time at terminal stops for Route R020 to prevent cascading delays.,Elevated operational delay vulnerability (Avg Delay: 14.0 mins across 14.1 km corridor).
HIGH,Schedule & Buffer Time Optimization,R023,Add 2 to 4 minutes of recovery buffer time at terminal stops for Route R023 to prevent cascading delays.,Elevated operational delay vulnerability (Avg Delay: 14.6 mins across 17.0 km corridor).
HIGH,Schedule & Buffer Time Optimization,R024,Add 2 to 4 minutes of recovery buffer time at terminal stops for Route R024 to prevent cascading delays.,Elevated operational delay vulnerability (Avg Delay: 19.0 mins across 15.8 km corridor).
HIGH,Schedule & Buffer Time Optimization,R028,Add 2 to 4 minutes of recovery buffer time at terminal stops for Route R028 to prevent cascading delays.,Elevated operational delay vulnerability (Avg Delay: 18.4 mins across 23.7 km corridor).
HIGH,Schedule & Buffer Time Optimization,R030,Add 2 to 4 minutes of recovery buffer time at terminal stops for Route R030 to prevent cascading delays.,Elevated operational delay vulnerability (Avg Delay: 17.2 mins across 21.3 km corridor).
HIGH,Schedule & Buffer Time Optimization,R034,Add 2 to 4 minutes of recovery buffer time at terminal stops for Route R034 to prevent cascading delays.,Elevated operational delay vulnerability (Avg Delay: 17.0 mins across 17.9 km corridor).
HIGH,Schedule & Buffer Time Optimization,R038,Add 2 to 4 minutes of recovery buffer time at terminal stops for Route R038 to prevent cascading delays.,Elevated operational delay vulnerability (Avg Delay: 14.0 mins across 11.4 km corridor).
HIGH,Schedule & Buffer Time Optimization,R041,Add 2 to 4 minutes of recovery buffer time at terminal stops for Route R041 to prevent cascading delays.,Elevated operational delay vulnerability (Avg Delay: 17.8 mins across 15.2 km corridor).
HIGH,Schedule & Buffer Time Optimization,R046,Add 2 to 4 minutes of recovery buffer time at terminal stops for Route R046 to prevent cascading delays.,Elevated operational delay vulnerability (Avg Delay: 12.7 mins across 13.4 km corridor).
HIGH,Schedule & Buffer Time Optimization,R055,Add 2 to 4 minutes of recovery buffer time at terminal stops for Route R055 to prevent cascading delays.,Elevated operational delay vulnerability (Avg Delay: 18.6 mins across 14.6 km corridor).
HIGH,Schedule & Buffer Time Optimization,R057,Add 2 to 4 minutes of recovery buffer time at terminal stops for Route R057 to prevent cascading delays.,Elevated operational delay vulnerability (Avg Delay: 16.6 mins across 14.8 km corridor).
HIGH,Schedule & Buffer Time Optimization,R064,Add 2 to 4 minutes of recovery buffer time at terminal stops for Route R064 to prevent cascading delays.,Elevated operational delay vulnerability (Avg Delay: 17.1 mins across 18.6 km corridor).
HIGH,Schedule & Buffer Time Optimization,R067,Add 2 to 4 minutes of recovery buffer time at terminal stops for Route R067 to prevent cascading delays.,Elevated operational delay vulnerability (Avg Delay: 14.3 mins across 16.8 km corridor).
HIGH,Schedule & Buffer Time Optimization,R071,Add 2 to 4 minutes of recovery buffer time at terminal stops for Route R071 to prevent cascading delays.,Elevated operational delay vulnerability (Avg Delay: 15.9 mins across 17.4 km corridor).
HIGH,Schedule & Buffer Time Optimization,R073,Add 2 to 4 minutes of recovery buffer time at terminal stops for Route R073 to prevent cascading delays.,Elevated operational delay vulnerability (Avg Delay: 21.1 mins across 23.9 km corridor).
HIGH,Schedule & Buffer Time Optimization,R083,Add 2 to 4 minutes of recovery buffer time at terminal stops for Route R083 to prevent cascading delays.,Elevated operational delay vulnerability (Avg Delay: 17.8 mins across 12.4 km corridor).
HIGH,Schedule & Buffer Time Optimization,R090,Add 2 to 4 minutes of recovery buffer time at terminal stops for Route R090 to prevent cascading delays.,Elevated operational delay vulnerability (Avg Delay: 19.0 mins across 15.2 km corridor).
HIGH,Schedule & Buffer Time Optimization,R098,Add 2 to 4 minutes of recovery buffer time at terminal stops for Route R098 to prevent cascading delays.,Elevated operational delay vulnerability (Avg Delay: 21.2 mins across 23.1 km corridor).
HIGH,Schedule & Buffer Time Optimization,R099,Add 2 to 4 minutes of recovery buffer time at terminal stops for Route R099 to prevent cascading delays.,Elevated operational delay vulnerability (Avg Delay: 14.3 mins across 17.9 km corridor).
MEDIUM,Headway & Cost Optimization,R003,Extend headway by 10 minutes during off-peak hours on Route R003 to optimize fuel & driver allocation.,Route operates with high reliability and low delay risk (50.0% delay rate).
MEDIUM,Headway & Cost Optimization,R004,Extend headway by 10 minutes during off-peak hours on Route R004 to optimize fuel & driver allocation.,Route operates with high reliability and low delay risk (50.0% delay rate).
MEDIUM,Headway & Cost Optimization,R010,Extend headway by 10 minutes during off-peak hours on Route R010 to optimize fuel & driver allocation.,Route operates with high reliability and low delay risk (50.0% delay rate).
MEDIUM,Headway & Cost Optimization,R011,Extend headway by 10 minutes during off-peak hours on Route R011 to optimize fuel & driver allocation.,Route operates with high reliability and low delay risk (50.0% delay rate).
MEDIUM,Headway & Cost Optimization,R015,Extend headway by 10 minutes during off-peak hours on Route R015 to optimize fuel & driver allocation.,Route operates with high reliability and low delay risk (50.0% delay rate).
MEDIUM,Headway & Cost Optimization,R016,Extend headway by 10 minutes during off-peak hours on Route R016 to optimize fuel & driver allocation.,Route operates with high reliability and low delay risk (50.0% delay rate).
MEDIUM,Headway & Cost Optimization,R022,Extend headway by 10 minutes during off-peak hours on Route R022 to optimize fuel & driver allocation.,Route operates with high reliability and low delay risk (50.0% delay rate).
MEDIUM,Headway & Cost Optimization,R026,Extend headway by 10 minutes during off-peak hours on Route R026 to optimize fuel & driver allocation.,Route operates with high reliability and low delay risk (50.0% delay rate).
MEDIUM,Headway & Cost Optimization,R029,Extend headway by 10 minutes during off-peak hours on Route R029 to optimize fuel & driver allocation.,Route operates with high reliability and low delay risk (50.0% delay rate).
MEDIUM,Headway & Cost Optimization,R035,Extend headway by 10 minutes during off-peak hours on Route R035 to optimize fuel & driver allocation.,Route operates with high reliability and low delay risk (50.0% delay rate).
MEDIUM,Headway & Cost Optimization,R040,Extend headway by 10 minutes during off-peak hours on Route R040 to optimize fuel & driver allocation.,Route operates with high reliability and low delay risk (50.0% delay rate).
MEDIUM,Headway & Cost Optimization,R043,Extend headway by 10 minutes during off-peak hours on Route R043 to optimize fuel & driver allocation.,Route operates with high reliability and low delay risk (50.0% delay rate).
MEDIUM,Headway & Cost Optimization,R045,Extend headway by 10 minutes during off-peak hours on Route R045 to optimize fuel & driver allocation.,Route operates with high reliability and low delay risk (50.0% delay rate).
MEDIUM,Headway & Cost Optimization,R056,Extend headway by 10 minutes during off-peak hours on Route R056 to optimize fuel & driver allocation.,Route operates with high reliability and low delay risk (50.0% delay rate).
MEDIUM,Headway & Cost Optimization,R058,Extend headway by 10 minutes during off-peak hours on Route R058 to optimize fuel & driver allocation.,Route operates with high reliability and low delay risk (50.0% delay rate).
MEDIUM,Headway & Cost Optimization,R059,Extend headway by 10 minutes during off-peak hours on Route R059 to optimize fuel & driver allocation.,Route operates with high reliability and low delay risk (50.0% delay rate).
MEDIUM,Headway & Cost Optimization,R061,Extend headway by 10 minutes during off-peak hours on Route R061 to optimize fuel & driver allocation.,Route operates with high reliability and low delay risk (50.0% delay rate).
MEDIUM,Headway & Cost Optimization,R062,Extend headway by 10 minutes during off-peak hours on Route R062 to optimize fuel & driver allocation.,Route operates with high reliability and low delay risk (50.0% delay rate).
MEDIUM,Headway & Cost Optimization,R063,Extend headway by 10 minutes during off-peak hours on Route R063 to optimize fuel & driver allocation.,Route operates with high reliability and low delay risk (50.0% delay rate).
MEDIUM,Headway & Cost Optimization,R068,Extend headway by 10 minutes during off-peak hours on Route R068 to optimize fuel & driver allocation.,Route operates with high reliability and low delay risk (50.0% delay rate).
MEDIUM,Headway & Cost Optimization,R069,Extend headway by 10 minutes during off-peak hours on Route R069 to optimize fuel & driver allocation.,Route operates with high reliability and low delay risk (50.0% delay rate).
MEDIUM,Headway & Cost Optimization,R074,Extend headway by 10 minutes during off-peak hours on Route R074 to optimize fuel & driver allocation.,Route operates with high reliability and low delay risk (50.0% delay rate).
MEDIUM,Headway & Cost Optimization,R075,Extend headway by 10 minutes during off-peak hours on Route R075 to optimize fuel & driver allocation.,Route operates with high reliability and low delay risk (50.0% delay rate).
MEDIUM,Headway & Cost Optimization,R076,Extend headway by 10 minutes during off-peak hours on Route R076 to optimize fuel & driver allocation.,Route operates with high reliability and low delay risk (50.0% delay rate).
MEDIUM,Headway & Cost Optimization,R079,Extend headway by 10 minutes during off-peak hours on Route R079 to optimize fuel & driver allocation.,Route operates with high reliability and low delay risk (50.0% delay rate).
MEDIUM,Headway & Cost Optimization,R080,Extend headway by 10 minutes during off-peak hours on Route R080 to optimize fuel & driver allocation.,Route operates with high reliability and low delay risk (50.0% delay rate).
MEDIUM,Headway & Cost Optimization,R085,Extend headway by 10 minutes during off-peak hours on Route R085 to optimize fuel & driver allocation.,Route operates with high reliability and low delay risk (50.0% delay rate).
MEDIUM,Headway & Cost Optimization,R086,Extend headway by 10 minutes during off-peak hours on Route R086 to optimize fuel & driver allocation.,Route operates with high reliability and low delay risk (50.0% delay rate).
MEDIUM,Headway & Cost Optimization,R091,Extend headway by 10 minutes during off-peak hours on Route R091 to optimize fuel & driver allocation.,Route operates with high reliability and low delay risk (50.0% delay rate).
MEDIUM,Headway & Cost Optimization,R097,Extend headway by 10 minutes during off-peak hours on Route R097 to optimize fuel & driver allocation.,Route operates with high reliability and low delay risk (50.0% delay rate).
