trip_id,Actual_Target,Spark_MLlib_Pred,Python_Scikit_Pred,Pipeline_Match,Disagreement_Reason
TRIP_000003,3,3,3,MATCH,None
TRIP_000007,0,0,0,MATCH,None
TRIP_000009,3,3,3,MATCH,None
TRIP_000014,3,3,3,MATCH,None
TRIP_000020,2,2,2,MATCH,None
TRIP_000024,0,0,0,MATCH,None
TRIP_000030,2,2,2,MATCH,None
TRIP_000036,2,2,2,MATCH,None
TRIP_000046,3,3,3,MATCH,None
TRIP_000047,1,1,1,MATCH,None
TRIP_000048,0,0,0,MATCH,None
TRIP_000050,2,2,2,MATCH,None
TRIP_000052,3,3,3,MATCH,None
TRIP_000056,1,0,1,MISMATCH,Algorithm Boundary Split Delta (MLlib RandomForest vs Scikit-Learn HistGradient)
TRIP_000063,3,3,3,MATCH,None
TRIP_000070,0,0,0,MATCH,None
TRIP_000078,1,1,1,MATCH,None
TRIP_000101,3,3,3,MATCH,None
TRIP_000113,2,2,2,MATCH,None
TRIP_000117,0,0,0,MATCH,None
TRIP_000118,1,1,1,MATCH,None
TRIP_000119,1,1,1,MATCH,None
TRIP_000130,0,0,0,MATCH,None
TRIP_000132,0,0,0,MATCH,None
TRIP_000153,0,0,0,MATCH,None
TRIP_000161,3,3,3,MATCH,None
TRIP_000165,0,0,0,MATCH,None
TRIP_000169,0,0,0,MATCH,None
TRIP_000172,3,3,3,MATCH,None
TRIP_000184,1,1,1,MATCH,None
TRIP_000190,3,3,3,MATCH,None
TRIP_000205,3,3,3,MATCH,None
TRIP_000212,2,2,2,MATCH,None
TRIP_000220,0,1,1,MATCH,None
TRIP_000225,1,1,1,MATCH,None
TRIP_000241,1,1,1,MATCH,None
TRIP_000255,1,1,1,MATCH,None
TRIP_000259,0,0,0,MATCH,None
TRIP_000262,0,0,0,MATCH,None
TRIP_000264,0,0,0,MATCH,None
TRIP_000267,1,1,1,MATCH,None
TRIP_000269,0,0,0,MATCH,None
TRIP_000289,0,0,0,MATCH,None
TRIP_000292,3,3,3,MATCH,None
TRIP_000293,1,1,1,MATCH,None
TRIP_000297,3,3,3,MATCH,None
TRIP_000299,1,1,1,MATCH,None
TRIP_000311,3,3,3,MATCH,None
TRIP_000313,0,0,0,MATCH,None
TRIP_000324,3,3,3,MATCH,None
TRIP_000336,1,2,2,MATCH,None
TRIP_000338,3,3,3,MATCH,None
TRIP_000342,3,3,3,MATCH,None
TRIP_000349,1,1,1,MATCH,None
TRIP_000369,3,3,3,MATCH,None
TRIP_000377,1,1,1,MATCH,None
TRIP_000383,2,2,2,MATCH,None
TRIP_000397,2,2,2,MATCH,None
TRIP_000410,1,1,1,MATCH,None
TRIP_000417,2,2,2,MATCH,None
TRIP_000427,3,3,3,MATCH,None
TRIP_000428,2,2,2,MATCH,None
TRIP_000436,0,0,0,MATCH,None
TRIP_000444,3,3,3,MATCH,None
TRIP_000448,3,2,2,MATCH,None
TRIP_000451,1,2,2,MATCH,None
TRIP_000464,0,0,0,MATCH,None
TRIP_000472,1,1,1,MATCH,None
TRIP_000474,3,3,3,MATCH,None
TRIP_000477,3,3,3,MATCH,None
TRIP_000480,2,2,2,MATCH,None
TRIP_000485,0,0,0,MATCH,None
TRIP_000490,3,3,3,MATCH,None
TRIP_000497,1,1,1,MATCH,None
TRIP_000504,2,2,2,MATCH,None
TRIP_000505,3,3,3,MATCH,None
TRIP_000507,3,3,3,MATCH,None
TRIP_000512,0,1,1,MATCH,None
TRIP_000513,0,0,0,MATCH,None
TRIP_000515,2,2,2,MATCH,None
TRIP_000518,3,3,3,MATCH,None
TRIP_000519,3,3,3,MATCH,None
TRIP_000537,1,1,1,MATCH,None
TRIP_000549,2,1,1,MATCH,None
TRIP_000555,3,3,3,MATCH,None
TRIP_000558,1,1,1,MATCH,None
TRIP_000572,2,2,2,MATCH,None
TRIP_000577,1,1,1,MATCH,None
TRIP_000581,2,2,2,MATCH,None
TRIP_000582,2,2,2,MATCH,None
TRIP_000584,2,2,2,MATCH,None
TRIP_000589,1,1,1,MATCH,None
TRIP_000591,3,3,3,MATCH,None
TRIP_000593,3,3,3,MATCH,None
TRIP_000597,3,3,3,MATCH,None
TRIP_000603,0,0,0,MATCH,None
TRIP_000613,1,1,1,MATCH,None
TRIP_000617,3,3,3,MATCH,None
TRIP_000628,2,2,2,MATCH,None
TRIP_000630,2,2,2,MATCH,None
