Route_ID,Priority_Level,Category,Detected_Issue,Prescriptive_Action,Expected_Impact
R001,HIGH,Headway & Schedule Re-alignment,Persistent Operational Delays (Avg Delay: 16.5 mins),Increase headway gap by +4 mins & re-route express trips.,Buffers schedule recovery and cuts severe delay propagation by 35%.
R002,HIGH,Headway & Schedule Re-alignment,Persistent Operational Delays (Avg Delay: 16.7 mins),Increase headway gap by +4 mins & re-route express trips.,Buffers schedule recovery and cuts severe delay propagation by 35%.
R003,HIGH,Headway & Schedule Re-alignment,Persistent Operational Delays (Avg Delay: 17.4 mins),Increase headway gap by +4 mins & re-route express trips.,Buffers schedule recovery and cuts severe delay propagation by 35%.
R004,HIGH,Headway & Schedule Re-alignment,Persistent Operational Delays (Avg Delay: 19.0 mins),Increase headway gap by +4 mins & re-route express trips.,Buffers schedule recovery and cuts severe delay propagation by 35%.
R005,HIGH,Headway & Schedule Re-alignment,Persistent Operational Delays (Avg Delay: 14.5 mins),Increase headway gap by +4 mins & re-route express trips.,Buffers schedule recovery and cuts severe delay propagation by 35%.
R006,HIGH,Headway & Schedule Re-alignment,Persistent Operational Delays (Avg Delay: 18.8 mins),Increase headway gap by +4 mins & re-route express trips.,Buffers schedule recovery and cuts severe delay propagation by 35%.
R007,HIGH,Headway & Schedule Re-alignment,Persistent Operational Delays (Avg Delay: 15.0 mins),Increase headway gap by +4 mins & re-route express trips.,Buffers schedule recovery and cuts severe delay propagation by 35%.
R008,HIGH,Headway & Schedule Re-alignment,Persistent Operational Delays (Avg Delay: 17.3 mins),Increase headway gap by +4 mins & re-route express trips.,Buffers schedule recovery and cuts severe delay propagation by 35%.
R009,HIGH,Headway & Schedule Re-alignment,Persistent Operational Delays (Avg Delay: 18.6 mins),Increase headway gap by +4 mins & re-route express trips.,Buffers schedule recovery and cuts severe delay propagation by 35%.
R010,HIGH,Headway & Schedule Re-alignment,Persistent Operational Delays (Avg Delay: 21.5 mins),Increase headway gap by +4 mins & re-route express trips.,Buffers schedule recovery and cuts severe delay propagation by 35%.
R011,HIGH,Headway & Schedule Re-alignment,Persistent Operational Delays (Avg Delay: 18.9 mins),Increase headway gap by +4 mins & re-route express trips.,Buffers schedule recovery and cuts severe delay propagation by 35%.
R012,HIGH,Headway & Schedule Re-alignment,Persistent Operational Delays (Avg Delay: 17.4 mins),Increase headway gap by +4 mins & re-route express trips.,Buffers schedule recovery and cuts severe delay propagation by 35%.
R013,HIGH,Headway & Schedule Re-alignment,Persistent Operational Delays (Avg Delay: 18.5 mins),Increase headway gap by +4 mins & re-route express trips.,Buffers schedule recovery and cuts severe delay propagation by 35%.
R014,HIGH,Headway & Schedule Re-alignment,Persistent Operational Delays (Avg Delay: 14.7 mins),Increase headway gap by +4 mins & re-route express trips.,Buffers schedule recovery and cuts severe delay propagation by 35%.
R015,HIGH,Headway & Schedule Re-alignment,Persistent Operational Delays (Avg Delay: 23.8 mins),Increase headway gap by +4 mins & re-route express trips.,Buffers schedule recovery and cuts severe delay propagation by 35%.
R016,HIGH,Headway & Schedule Re-alignment,Persistent Operational Delays (Avg Delay: 21.3 mins),Increase headway gap by +4 mins & re-route express trips.,Buffers schedule recovery and cuts severe delay propagation by 35%.
R017,HIGH,Headway & Schedule Re-alignment,Persistent Operational Delays (Avg Delay: 17.2 mins),Increase headway gap by +4 mins & re-route express trips.,Buffers schedule recovery and cuts severe delay propagation by 35%.
R018,HIGH,Headway & Schedule Re-alignment,Persistent Operational Delays (Avg Delay: 14.5 mins),Increase headway gap by +4 mins & re-route express trips.,Buffers schedule recovery and cuts severe delay propagation by 35%.
R019,HIGH,Headway & Schedule Re-alignment,Persistent Operational Delays (Avg Delay: 16.6 mins),Increase headway gap by +4 mins & re-route express trips.,Buffers schedule recovery and cuts severe delay propagation by 35%.
R020,HIGH,Headway & Schedule Re-alignment,Persistent Operational Delays (Avg Delay: 14.0 mins),Increase headway gap by +4 mins & re-route express trips.,Buffers schedule recovery and cuts severe delay propagation by 35%.
R021,HIGH,Headway & Schedule Re-alignment,Persistent Operational Delays (Avg Delay: 17.2 mins),Increase headway gap by +4 mins & re-route express trips.,Buffers schedule recovery and cuts severe delay propagation by 35%.
R022,HIGH,Headway & Schedule Re-alignment,Persistent Operational Delays (Avg Delay: 20.5 mins),Increase headway gap by +4 mins & re-route express trips.,Buffers schedule recovery and cuts severe delay propagation by 35%.
R023,HIGH,Headway & Schedule Re-alignment,Persistent Operational Delays (Avg Delay: 14.5 mins),Increase headway gap by +4 mins & re-route express trips.,Buffers schedule recovery and cuts severe delay propagation by 35%.
R024,HIGH,Headway & Schedule Re-alignment,Persistent Operational Delays (Avg Delay: 18.2 mins),Increase headway gap by +4 mins & re-route express trips.,Buffers schedule recovery and cuts severe delay propagation by 35%.
R025,HIGH,Headway & Schedule Re-alignment,Persistent Operational Delays (Avg Delay: 16.5 mins),Increase headway gap by +4 mins & re-route express trips.,Buffers schedule recovery and cuts severe delay propagation by 35%.
R026,HIGH,Headway & Schedule Re-alignment,Persistent Operational Delays (Avg Delay: 21.2 mins),Increase headway gap by +4 mins & re-route express trips.,Buffers schedule recovery and cuts severe delay propagation by 35%.
R027,HIGH,Headway & Schedule Re-alignment,Persistent Operational Delays (Avg Delay: 15.2 mins),Increase headway gap by +4 mins & re-route express trips.,Buffers schedule recovery and cuts severe delay propagation by 35%.
R028,HIGH,Headway & Schedule Re-alignment,Persistent Operational Delays (Avg Delay: 17.7 mins),Increase headway gap by +4 mins & re-route express trips.,Buffers schedule recovery and cuts severe delay propagation by 35%.
R029,HIGH,Headway & Schedule Re-alignment,Persistent Operational Delays (Avg Delay: 21.0 mins),Increase headway gap by +4 mins & re-route express trips.,Buffers schedule recovery and cuts severe delay propagation by 35%.
R030,HIGH,Headway & Schedule Re-alignment,Persistent Operational Delays (Avg Delay: 16.7 mins),Increase headway gap by +4 mins & re-route express trips.,Buffers schedule recovery and cuts severe delay propagation by 35%.
R031,HIGH,Headway & Schedule Re-alignment,Persistent Operational Delays (Avg Delay: 17.8 mins),Increase headway gap by +4 mins & re-route express trips.,Buffers schedule recovery and cuts severe delay propagation by 35%.
R032,HIGH,Headway & Schedule Re-alignment,Persistent Operational Delays (Avg Delay: 18.0 mins),Increase headway gap by +4 mins & re-route express trips.,Buffers schedule recovery and cuts severe delay propagation by 35%.
R033,HIGH,Headway & Schedule Re-alignment,Persistent Operational Delays (Avg Delay: 18.3 mins),Increase headway gap by +4 mins & re-route express trips.,Buffers schedule recovery and cuts severe delay propagation by 35%.
R034,HIGH,Headway & Schedule Re-alignment,Persistent Operational Delays (Avg Delay: 16.5 mins),Increase headway gap by +4 mins & re-route express trips.,Buffers schedule recovery and cuts severe delay propagation by 35%.
R035,HIGH,Headway & Schedule Re-alignment,Persistent Operational Delays (Avg Delay: 18.4 mins),Increase headway gap by +4 mins & re-route express trips.,Buffers schedule recovery and cuts severe delay propagation by 35%.
R036,HIGH,Headway & Schedule Re-alignment,Persistent Operational Delays (Avg Delay: 17.1 mins),Increase headway gap by +4 mins & re-route express trips.,Buffers schedule recovery and cuts severe delay propagation by 35%.
R037,HIGH,Headway & Schedule Re-alignment,Persistent Operational Delays (Avg Delay: 16.9 mins),Increase headway gap by +4 mins & re-route express trips.,Buffers schedule recovery and cuts severe delay propagation by 35%.
R038,HIGH,Headway & Schedule Re-alignment,Persistent Operational Delays (Avg Delay: 14.0 mins),Increase headway gap by +4 mins & re-route express trips.,Buffers schedule recovery and cuts severe delay propagation by 35%.
R039,HIGH,Headway & Schedule Re-alignment,Persistent Operational Delays (Avg Delay: 18.9 mins),Increase headway gap by +4 mins & re-route express trips.,Buffers schedule recovery and cuts severe delay propagation by 35%.
R040,HIGH,Headway & Schedule Re-alignment,Persistent Operational Delays (Avg Delay: 20.2 mins),Increase headway gap by +4 mins & re-route express trips.,Buffers schedule recovery and cuts severe delay propagation by 35%.
R041,HIGH,Headway & Schedule Re-alignment,Persistent Operational Delays (Avg Delay: 17.1 mins),Increase headway gap by +4 mins & re-route express trips.,Buffers schedule recovery and cuts severe delay propagation by 35%.
R042,HIGH,Headway & Schedule Re-alignment,Persistent Operational Delays (Avg Delay: 15.0 mins),Increase headway gap by +4 mins & re-route express trips.,Buffers schedule recovery and cuts severe delay propagation by 35%.
R043,HIGH,Headway & Schedule Re-alignment,Persistent Operational Delays (Avg Delay: 20.9 mins),Increase headway gap by +4 mins & re-route express trips.,Buffers schedule recovery and cuts severe delay propagation by 35%.
R044,HIGH,Headway & Schedule Re-alignment,Persistent Operational Delays (Avg Delay: 13.7 mins),Increase headway gap by +4 mins & re-route express trips.,Buffers schedule recovery and cuts severe delay propagation by 35%.
R045,HIGH,Headway & Schedule Re-alignment,Persistent Operational Delays (Avg Delay: 20.0 mins),Increase headway gap by +4 mins & re-route express trips.,Buffers schedule recovery and cuts severe delay propagation by 35%.
R046,HIGH,Headway & Schedule Re-alignment,Persistent Operational Delays (Avg Delay: 12.9 mins),Increase headway gap by +4 mins & re-route express trips.,Buffers schedule recovery and cuts severe delay propagation by 35%.
R047,HIGH,Headway & Schedule Re-alignment,Persistent Operational Delays (Avg Delay: 18.2 mins),Increase headway gap by +4 mins & re-route express trips.,Buffers schedule recovery and cuts severe delay propagation by 35%.
R048,HIGH,Headway & Schedule Re-alignment,Persistent Operational Delays (Avg Delay: 15.0 mins),Increase headway gap by +4 mins & re-route express trips.,Buffers schedule recovery and cuts severe delay propagation by 35%.
R049,HIGH,Headway & Schedule Re-alignment,Persistent Operational Delays (Avg Delay: 15.3 mins),Increase headway gap by +4 mins & re-route express trips.,Buffers schedule recovery and cuts severe delay propagation by 35%.
R050,HIGH,Headway & Schedule Re-alignment,Persistent Operational Delays (Avg Delay: 15.8 mins),Increase headway gap by +4 mins & re-route express trips.,Buffers schedule recovery and cuts severe delay propagation by 35%.
R051,HIGH,Headway & Schedule Re-alignment,Persistent Operational Delays (Avg Delay: 17.7 mins),Increase headway gap by +4 mins & re-route express trips.,Buffers schedule recovery and cuts severe delay propagation by 35%.
R052,HIGH,Headway & Schedule Re-alignment,Persistent Operational Delays (Avg Delay: 15.4 mins),Increase headway gap by +4 mins & re-route express trips.,Buffers schedule recovery and cuts severe delay propagation by 35%.
R053,HIGH,Headway & Schedule Re-alignment,Persistent Operational Delays (Avg Delay: 12.9 mins),Increase headway gap by +4 mins & re-route express trips.,Buffers schedule recovery and cuts severe delay propagation by 35%.
R054,HIGH,Headway & Schedule Re-alignment,Persistent Operational Delays (Avg Delay: 16.3 mins),Increase headway gap by +4 mins & re-route express trips.,Buffers schedule recovery and cuts severe delay propagation by 35%.
R055,HIGH,Headway & Schedule Re-alignment,Persistent Operational Delays (Avg Delay: 17.8 mins),Increase headway gap by +4 mins & re-route express trips.,Buffers schedule recovery and cuts severe delay propagation by 35%.
R056,HIGH,Headway & Schedule Re-alignment,Persistent Operational Delays (Avg Delay: 20.0 mins),Increase headway gap by +4 mins & re-route express trips.,Buffers schedule recovery and cuts severe delay propagation by 35%.
R057,HIGH,Headway & Schedule Re-alignment,Persistent Operational Delays (Avg Delay: 16.1 mins),Increase headway gap by +4 mins & re-route express trips.,Buffers schedule recovery and cuts severe delay propagation by 35%.
R058,HIGH,Headway & Schedule Re-alignment,Persistent Operational Delays (Avg Delay: 21.5 mins),Increase headway gap by +4 mins & re-route express trips.,Buffers schedule recovery and cuts severe delay propagation by 35%.
R059,HIGH,Headway & Schedule Re-alignment,Persistent Operational Delays (Avg Delay: 18.2 mins),Increase headway gap by +4 mins & re-route express trips.,Buffers schedule recovery and cuts severe delay propagation by 35%.
R060,HIGH,Headway & Schedule Re-alignment,Persistent Operational Delays (Avg Delay: 14.8 mins),Increase headway gap by +4 mins & re-route express trips.,Buffers schedule recovery and cuts severe delay propagation by 35%.
R061,HIGH,Headway & Schedule Re-alignment,Persistent Operational Delays (Avg Delay: 19.4 mins),Increase headway gap by +4 mins & re-route express trips.,Buffers schedule recovery and cuts severe delay propagation by 35%.
R062,HIGH,Headway & Schedule Re-alignment,Persistent Operational Delays (Avg Delay: 19.6 mins),Increase headway gap by +4 mins & re-route express trips.,Buffers schedule recovery and cuts severe delay propagation by 35%.
R063,HIGH,Headway & Schedule Re-alignment,Persistent Operational Delays (Avg Delay: 17.5 mins),Increase headway gap by +4 mins & re-route express trips.,Buffers schedule recovery and cuts severe delay propagation by 35%.
R064,HIGH,Headway & Schedule Re-alignment,Persistent Operational Delays (Avg Delay: 16.6 mins),Increase headway gap by +4 mins & re-route express trips.,Buffers schedule recovery and cuts severe delay propagation by 35%.
R065,HIGH,Headway & Schedule Re-alignment,Persistent Operational Delays (Avg Delay: 16.6 mins),Increase headway gap by +4 mins & re-route express trips.,Buffers schedule recovery and cuts severe delay propagation by 35%.
R066,HIGH,Headway & Schedule Re-alignment,Persistent Operational Delays (Avg Delay: 16.3 mins),Increase headway gap by +4 mins & re-route express trips.,Buffers schedule recovery and cuts severe delay propagation by 35%.
R067,HIGH,Headway & Schedule Re-alignment,Persistent Operational Delays (Avg Delay: 14.3 mins),Increase headway gap by +4 mins & re-route express trips.,Buffers schedule recovery and cuts severe delay propagation by 35%.
R068,HIGH,Headway & Schedule Re-alignment,Persistent Operational Delays (Avg Delay: 21.9 mins),Increase headway gap by +4 mins & re-route express trips.,Buffers schedule recovery and cuts severe delay propagation by 35%.
R069,HIGH,Headway & Schedule Re-alignment,Persistent Operational Delays (Avg Delay: 21.6 mins),Increase headway gap by +4 mins & re-route express trips.,Buffers schedule recovery and cuts severe delay propagation by 35%.
R070,HIGH,Headway & Schedule Re-alignment,Persistent Operational Delays (Avg Delay: 18.0 mins),Increase headway gap by +4 mins & re-route express trips.,Buffers schedule recovery and cuts severe delay propagation by 35%.
R071,HIGH,Headway & Schedule Re-alignment,Persistent Operational Delays (Avg Delay: 15.5 mins),Increase headway gap by +4 mins & re-route express trips.,Buffers schedule recovery and cuts severe delay propagation by 35%.
R072,HIGH,Headway & Schedule Re-alignment,Persistent Operational Delays (Avg Delay: 16.8 mins),Increase headway gap by +4 mins & re-route express trips.,Buffers schedule recovery and cuts severe delay propagation by 35%.
R073,HIGH,Headway & Schedule Re-alignment,Persistent Operational Delays (Avg Delay: 19.9 mins),Increase headway gap by +4 mins & re-route express trips.,Buffers schedule recovery and cuts severe delay propagation by 35%.
R074,HIGH,Headway & Schedule Re-alignment,Persistent Operational Delays (Avg Delay: 21.8 mins),Increase headway gap by +4 mins & re-route express trips.,Buffers schedule recovery and cuts severe delay propagation by 35%.
R075,HIGH,Headway & Schedule Re-alignment,Persistent Operational Delays (Avg Delay: 21.2 mins),Increase headway gap by +4 mins & re-route express trips.,Buffers schedule recovery and cuts severe delay propagation by 35%.
R076,HIGH,Headway & Schedule Re-alignment,Persistent Operational Delays (Avg Delay: 17.2 mins),Increase headway gap by +4 mins & re-route express trips.,Buffers schedule recovery and cuts severe delay propagation by 35%.
R077,HIGH,Headway & Schedule Re-alignment,Persistent Operational Delays (Avg Delay: 16.0 mins),Increase headway gap by +4 mins & re-route express trips.,Buffers schedule recovery and cuts severe delay propagation by 35%.
R078,HIGH,Headway & Schedule Re-alignment,Persistent Operational Delays (Avg Delay: 14.4 mins),Increase headway gap by +4 mins & re-route express trips.,Buffers schedule recovery and cuts severe delay propagation by 35%.
R079,HIGH,Headway & Schedule Re-alignment,Persistent Operational Delays (Avg Delay: 18.5 mins),Increase headway gap by +4 mins & re-route express trips.,Buffers schedule recovery and cuts severe delay propagation by 35%.
R080,HIGH,Headway & Schedule Re-alignment,Persistent Operational Delays (Avg Delay: 19.7 mins),Increase headway gap by +4 mins & re-route express trips.,Buffers schedule recovery and cuts severe delay propagation by 35%.
R081,HIGH,Headway & Schedule Re-alignment,Persistent Operational Delays (Avg Delay: 15.5 mins),Increase headway gap by +4 mins & re-route express trips.,Buffers schedule recovery and cuts severe delay propagation by 35%.
R082,HIGH,Headway & Schedule Re-alignment,Persistent Operational Delays (Avg Delay: 16.9 mins),Increase headway gap by +4 mins & re-route express trips.,Buffers schedule recovery and cuts severe delay propagation by 35%.
R083,HIGH,Headway & Schedule Re-alignment,Persistent Operational Delays (Avg Delay: 17.1 mins),Increase headway gap by +4 mins & re-route express trips.,Buffers schedule recovery and cuts severe delay propagation by 35%.
R084,HIGH,Headway & Schedule Re-alignment,Persistent Operational Delays (Avg Delay: 17.3 mins),Increase headway gap by +4 mins & re-route express trips.,Buffers schedule recovery and cuts severe delay propagation by 35%.
R085,HIGH,Headway & Schedule Re-alignment,Persistent Operational Delays (Avg Delay: 22.3 mins),Increase headway gap by +4 mins & re-route express trips.,Buffers schedule recovery and cuts severe delay propagation by 35%.
R086,HIGH,Headway & Schedule Re-alignment,Persistent Operational Delays (Avg Delay: 22.2 mins),Increase headway gap by +4 mins & re-route express trips.,Buffers schedule recovery and cuts severe delay propagation by 35%.
R087,HIGH,Headway & Schedule Re-alignment,Persistent Operational Delays (Avg Delay: 19.4 mins),Increase headway gap by +4 mins & re-route express trips.,Buffers schedule recovery and cuts severe delay propagation by 35%.
R088,HIGH,Headway & Schedule Re-alignment,Persistent Operational Delays (Avg Delay: 19.9 mins),Increase headway gap by +4 mins & re-route express trips.,Buffers schedule recovery and cuts severe delay propagation by 35%.
R089,HIGH,Headway & Schedule Re-alignment,Persistent Operational Delays (Avg Delay: 20.2 mins),Increase headway gap by +4 mins & re-route express trips.,Buffers schedule recovery and cuts severe delay propagation by 35%.
R090,HIGH,Headway & Schedule Re-alignment,Persistent Operational Delays (Avg Delay: 18.1 mins),Increase headway gap by +4 mins & re-route express trips.,Buffers schedule recovery and cuts severe delay propagation by 35%.
R091,HIGH,Headway & Schedule Re-alignment,Persistent Operational Delays (Avg Delay: 20.1 mins),Increase headway gap by +4 mins & re-route express trips.,Buffers schedule recovery and cuts severe delay propagation by 35%.
R092,HIGH,Headway & Schedule Re-alignment,Persistent Operational Delays (Avg Delay: 19.6 mins),Increase headway gap by +4 mins & re-route express trips.,Buffers schedule recovery and cuts severe delay propagation by 35%.
R093,HIGH,Headway & Schedule Re-alignment,Persistent Operational Delays (Avg Delay: 16.8 mins),Increase headway gap by +4 mins & re-route express trips.,Buffers schedule recovery and cuts severe delay propagation by 35%.
R094,HIGH,Headway & Schedule Re-alignment,Persistent Operational Delays (Avg Delay: 15.9 mins),Increase headway gap by +4 mins & re-route express trips.,Buffers schedule recovery and cuts severe delay propagation by 35%.
R095,HIGH,Headway & Schedule Re-alignment,Persistent Operational Delays (Avg Delay: 17.5 mins),Increase headway gap by +4 mins & re-route express trips.,Buffers schedule recovery and cuts severe delay propagation by 35%.
R096,HIGH,Headway & Schedule Re-alignment,Persistent Operational Delays (Avg Delay: 20.5 mins),Increase headway gap by +4 mins & re-route express trips.,Buffers schedule recovery and cuts severe delay propagation by 35%.
R097,HIGH,Headway & Schedule Re-alignment,Persistent Operational Delays (Avg Delay: 21.9 mins),Increase headway gap by +4 mins & re-route express trips.,Buffers schedule recovery and cuts severe delay propagation by 35%.
R098,HIGH,Headway & Schedule Re-alignment,Persistent Operational Delays (Avg Delay: 20.0 mins),Increase headway gap by +4 mins & re-route express trips.,Buffers schedule recovery and cuts severe delay propagation by 35%.
R099,HIGH,Headway & Schedule Re-alignment,Persistent Operational Delays (Avg Delay: 14.3 mins),Increase headway gap by +4 mins & re-route express trips.,Buffers schedule recovery and cuts severe delay propagation by 35%.
R100,HIGH,Headway & Schedule Re-alignment,Persistent Operational Delays (Avg Delay: 14.1 mins),Increase headway gap by +4 mins & re-route express trips.,Buffers schedule recovery and cuts severe delay propagation by 35%.
