route_id,route_name,origin_stop_id,destination_stop_id,total_distance_km,standard_duration_min,is_active
R001,Route-R001,STOP_473,STOP_215,21.41,74,True
R002,Route-R002,STOP_096,STOP_311,19.43,68,True
R003,Route-R003,STOP_174,STOP_483,28.29,99,True
R004,Route-R004,STOP_246,STOP_348,26.19,91,True
R005,Route-R005,STOP_421,STOP_047,16.67,58,True
R006,Route-R006,STOP_457,STOP_021,28.19,98,True
R007,Route-R007,STOP_314,STOP_354,16.76,58,True
R008,Route-R008,STOP_496,STOP_317,19.42,67,True
R009,Route-R009,STOP_091,STOP_104,21.68,75,True
R010,Route-R010,STOP_398,STOP_303,28.32,99,True
R011,Route-R011,STOP_212,STOP_110,31.57,110,True
R012,Route-R012,STOP_010,STOP_382,15.29,53,True
R013,Route-R013,STOP_097,STOP_004,27.18,95,True
R014,Route-R014,STOP_067,STOP_398,18.24,63,True
R015,Route-R015,STOP_294,STOP_349,34.18,119,True
R016,Route-R016,STOP_190,STOP_217,29.99,104,True
R017,Route-R017,STOP_309,STOP_453,15.98,55,True
R018,Route-R018,STOP_489,STOP_300,17.59,61,True
R019,Route-R019,STOP_340,STOP_374,21.09,73,True
R020,Route-R020,STOP_391,STOP_036,14.11,49,True
R021,Route-R021,STOP_372,STOP_181,24.43,85,True
R022,Route-R022,STOP_390,STOP_070,33.49,117,True
R023,Route-R023,STOP_073,STOP_247,16.96,59,True
R024,Route-R024,STOP_088,STOP_396,15.75,55,True
R025,Route-R025,STOP_352,STOP_187,22.69,79,True
R026,Route-R026,STOP_255,STOP_369,28.05,98,True
R027,Route-R027,STOP_206,STOP_011,16.36,57,True
R028,Route-R028,STOP_272,STOP_206,23.66,82,True
R029,Route-R029,STOP_312,STOP_334,29.84,104,True
R030,Route-R030,STOP_013,STOP_109,21.27,74,True
R031,Route-R031,STOP_183,STOP_011,17.12,59,True
R032,Route-R032,STOP_109,STOP_353,25.75,90,True
R033,Route-R033,STOP_284,STOP_439,23.97,83,True
R034,Route-R034,STOP_163,STOP_114,17.92,62,True
R035,Route-R035,STOP_180,STOP_315,31.56,110,True
R036,Route-R036,STOP_469,STOP_091,22.89,80,True
R037,Route-R037,STOP_232,STOP_429,16.79,58,True
R038,Route-R038,STOP_024,STOP_267,11.4,39,True
R039,Route-R039,STOP_139,STOP_493,25.2,88,True
R040,Route-R040,STOP_289,STOP_131,26.65,93,True
R041,Route-R041,STOP_047,STOP_402,15.21,53,True
R042,Route-R042,STOP_196,STOP_488,18.1,63,True
R043,Route-R043,STOP_394,STOP_240,30.4,106,True
R044,Route-R044,STOP_229,STOP_306,14.29,50,True
R045,Route-R045,STOP_334,STOP_462,25.08,87,True
R046,Route-R046,STOP_193,STOP_209,13.37,46,True
R047,Route-R047,STOP_012,STOP_276,15.9,55,True
R048,Route-R048,STOP_184,STOP_378,16.08,56,True
R049,Route-R049,STOP_074,STOP_453,12.89,45,True
R050,Route-R050,STOP_381,STOP_295,21.66,75,True
R051,Route-R051,STOP_071,STOP_329,20.75,72,True
R052,Route-R052,STOP_211,STOP_231,16.12,56,True
R053,Route-R053,STOP_416,STOP_282,13.0,45,True
R054,Route-R054,STOP_221,STOP_474,17.35,60,True
R055,Route-R055,STOP_479,STOP_319,14.56,50,True
R056,Route-R056,STOP_442,STOP_212,25.2,88,True
R057,Route-R057,STOP_081,STOP_104,14.77,51,True
R058,Route-R058,STOP_295,STOP_206,26.22,91,True
R059,Route-R059,STOP_098,STOP_262,28.75,100,True
R060,Route-R060,STOP_152,STOP_471,20.05,70,True
R061,Route-R061,STOP_417,STOP_018,28.92,101,True
R062,Route-R062,STOP_460,STOP_481,25.69,89,True
R063,Route-R063,STOP_360,STOP_316,26.73,93,True
R064,Route-R064,STOP_353,STOP_363,18.57,64,True
R065,Route-R065,STOP_340,STOP_346,22.19,77,True
R066,Route-R066,STOP_178,STOP_454,22.27,77,True
R067,Route-R067,STOP_347,STOP_192,16.82,58,True
R068,Route-R068,STOP_449,STOP_345,31.07,108,True
R069,Route-R069,STOP_366,STOP_085,27.86,97,True
R070,Route-R070,STOP_157,STOP_095,20.49,71,True
R071,Route-R071,STOP_036,STOP_335,17.41,60,True
R072,Route-R072,STOP_483,STOP_204,17.54,61,True
R073,Route-R073,STOP_234,STOP_414,23.86,83,True
R074,Route-R074,STOP_445,STOP_138,33.56,117,True
R075,Route-R075,STOP_202,STOP_134,25.78,90,True
R076,Route-R076,STOP_179,STOP_288,24.17,84,True
R077,Route-R077,STOP_488,STOP_116,23.02,80,True
R078,Route-R078,STOP_097,STOP_144,16.38,57,True
R079,Route-R079,STOP_005,STOP_294,31.96,111,True
R080,Route-R080,STOP_397,STOP_117,31.17,109,True
R081,Route-R081,STOP_463,STOP_104,21.38,74,True
R082,Route-R082,STOP_324,STOP_261,23.95,83,True
R083,Route-R083,STOP_148,STOP_277,12.44,43,True
R084,Route-R084,STOP_219,STOP_124,21.18,74,True
R085,Route-R085,STOP_285,STOP_070,36.52,127,True
R086,Route-R086,STOP_367,STOP_175,31.8,111,True
R087,Route-R087,STOP_396,STOP_089,22.66,79,True
R088,Route-R088,STOP_411,STOP_271,22.27,77,True
R089,Route-R089,STOP_442,STOP_263,29.56,103,True
R090,Route-R090,STOP_031,STOP_231,15.25,53,True
R091,Route-R091,STOP_017,STOP_420,27.76,97,True
R092,Route-R092,STOP_368,STOP_066,19.81,69,True
R093,Route-R093,STOP_204,STOP_019,14.12,49,True
R094,Route-R094,STOP_332,STOP_214,14.8,51,True
R095,Route-R095,STOP_042,STOP_334,14.54,50,True
R096,Route-R096,STOP_156,STOP_019,25.25,88,True
R097,Route-R097,STOP_458,STOP_191,31.44,110,True
R098,Route-R098,STOP_120,STOP_254,23.15,81,True
R099,Route-R099,STOP_221,STOP_016,17.85,62,True
R100,Route-R100,STOP_125,STOP_334,15.88,55,True
