route_id,stop_id,stop_sequence,distance_from_origin_km,scheduled_dwell_time_sec
R001,STOP_473,1,1.15,45
R001,STOP_359,2,2.11,90
R001,STOP_374,3,4.26,90
R001,STOP_027,4,5.53,90
R001,STOP_280,5,7.69,60
R001,STOP_420,6,8.82,45
R001,STOP_317,7,10.53,45
R001,STOP_025,8,12.09,45
R001,STOP_178,9,14.24,60
R001,STOP_336,10,16.08,30
R001,STOP_379,11,18.42,45
R001,STOP_168,12,19.51,45
R001,STOP_369,13,20.55,30
R001,STOP_215,14,21.41,90
R002,STOP_096,1,2.15,60
R002,STOP_130,2,3.29,30
R002,STOP_376,3,4.34,30
R002,STOP_140,4,5.95,90
R002,STOP_300,5,8.29,60
R002,STOP_315,6,10.73,30
R002,STOP_111,7,12.55,45
R002,STOP_071,8,14.26,90
R002,STOP_345,9,15.12,45
R002,STOP_465,10,17.26,90
R002,STOP_408,11,18.16,90
R002,STOP_311,12,19.43,45
R003,STOP_174,1,1.62,30
R003,STOP_099,2,2.42,90
R003,STOP_296,3,3.71,90
R003,STOP_076,4,6.19,45
R003,STOP_324,5,8.68,90
R003,STOP_487,6,10.35,60
R003,STOP_252,7,11.78,90
R003,STOP_039,8,12.73,45
R003,STOP_226,9,15.09,30
R003,STOP_447,10,16.65,45
R003,STOP_040,11,18.06,45
R003,STOP_406,12,20.55,30
R003,STOP_468,13,22.31,60
R003,STOP_376,14,23.82,30
R003,STOP_267,15,25.03,45
R003,STOP_168,16,27.32,90
R003,STOP_483,17,28.29,45
R004,STOP_246,1,1.55,45
R004,STOP_481,2,2.85,60
R004,STOP_356,3,4.8,30
R004,STOP_026,4,6.83,90
R004,STOP_322,5,8.02,60
R004,STOP_346,6,9.55,60
R004,STOP_359,7,10.35,45
R004,STOP_229,8,12.05,90
R004,STOP_484,9,13.73,45
R004,STOP_143,10,15.45,45
R004,STOP_252,11,16.28,60
R004,STOP_144,12,18.33,60
R004,STOP_117,13,19.54,45
R004,STOP_044,14,21.42,60
R004,STOP_155,15,22.6,30
R004,STOP_086,16,23.76,60
R004,STOP_296,17,24.98,60
R004,STOP_348,18,26.19,60
R005,STOP_421,1,1.13,30
R005,STOP_357,2,3.32,45
R005,STOP_261,3,5.09,30
R005,STOP_041,4,6.76,45
R005,STOP_272,5,8.66,90
R005,STOP_254,6,11.11,90
R005,STOP_436,7,12.54,90
R005,STOP_346,8,13.82,60
R005,STOP_491,9,15.59,90
R005,STOP_047,10,16.67,60
R006,STOP_457,1,2.38,60
R006,STOP_095,2,3.25,30
R006,STOP_204,3,4.07,60
R006,STOP_064,4,4.92,45
R006,STOP_130,5,7.33,30
R006,STOP_432,6,9.47,60
R006,STOP_007,7,10.69,45
R006,STOP_275,8,12.49,30
R006,STOP_236,9,14.25,45
R006,STOP_312,10,15.98,60
R006,STOP_481,11,17.69,60
R006,STOP_029,12,18.95,60
R006,STOP_160,13,19.97,60
R006,STOP_389,14,21.7,90
R006,STOP_326,15,22.66,30
R006,STOP_121,16,24.88,30
R006,STOP_222,17,26.06,30
R006,STOP_046,18,27.24,30
R006,STOP_021,19,28.19,45
R007,STOP_314,1,0.95,60
R007,STOP_177,2,2.14,60
R007,STOP_048,3,3.16,60
R007,STOP_489,4,5.0,60
R007,STOP_003,5,6.45,45
R007,STOP_376,6,7.47,60
R007,STOP_269,7,9.8,90
R007,STOP_328,8,11.88,45
R007,STOP_434,9,13.43,60
R007,STOP_465,10,14.56,60
R007,STOP_354,11,16.76,45
R008,STOP_496,1,2.19,30
R008,STOP_181,2,4.38,45
R008,STOP_372,3,6.33,60
R008,STOP_212,4,7.91,45
R008,STOP_198,5,8.79,90
R008,STOP_213,6,10.46,45
R008,STOP_274,7,12.53,30
R008,STOP_480,8,15.02,30
R008,STOP_057,9,16.26,90
R008,STOP_365,10,17.65,30
R008,STOP_317,11,19.42,30
R009,STOP_091,1,2.17,90
R009,STOP_361,2,4.29,45
R009,STOP_072,3,5.83,45
R009,STOP_252,4,8.09,45
R009,STOP_269,5,9.36,30
R009,STOP_133,6,10.39,45
R009,STOP_205,7,12.78,90
R009,STOP_289,8,14.24,30
R009,STOP_075,9,15.6,45
R009,STOP_481,10,17.82,30
R009,STOP_350,11,19.43,90
R009,STOP_104,12,21.68,45
R010,STOP_398,1,1.97,60
R010,STOP_346,2,4.41,30
R010,STOP_453,3,6.72,45
R010,STOP_153,4,8.41,45
R010,STOP_458,5,9.66,90
R010,STOP_253,6,11.71,45
R010,STOP_125,7,12.69,60
R010,STOP_434,8,14.15,30
R010,STOP_038,9,16.22,60
R010,STOP_046,10,17.85,30
R010,STOP_395,11,19.86,45
R010,STOP_362,12,21.19,90
R010,STOP_054,13,22.86,45
R010,STOP_293,14,24.42,45
R010,STOP_317,15,26.31,30
R010,STOP_483,16,27.52,45
R010,STOP_303,17,28.32,60
R011,STOP_212,1,2.29,30
R011,STOP_240,2,4.15,90
R011,STOP_209,3,5.06,30
R011,STOP_255,4,6.32,30
R011,STOP_483,5,8.2,45
R011,STOP_195,6,9.59,45
R011,STOP_106,7,11.61,30
R011,STOP_388,8,13.57,90
R011,STOP_127,9,15.44,30
R011,STOP_063,10,16.4,60
R011,STOP_399,11,17.6,45
R011,STOP_023,12,20.07,45
R011,STOP_101,13,21.88,90
R011,STOP_012,14,22.76,45
R011,STOP_462,15,25.11,60
R011,STOP_257,16,26.21,90
R011,STOP_034,17,28.71,45
R011,STOP_395,18,29.64,60
R011,STOP_110,19,31.57,90
R012,STOP_010,1,1.1,90
R012,STOP_326,2,2.82,30
R012,STOP_081,3,4.85,90
R012,STOP_270,4,5.97,60
R012,STOP_441,5,7.11,45
R012,STOP_274,6,9.14,60
R012,STOP_078,7,11.07,30
R012,STOP_356,8,12.13,90
R012,STOP_119,9,12.96,60
R012,STOP_108,10,14.39,90
R012,STOP_382,11,15.29,90
R013,STOP_097,1,2.47,90
R013,STOP_356,2,3.29,90
R013,STOP_368,3,5.21,90
R013,STOP_150,4,7.32,30
R013,STOP_208,5,8.59,60
R013,STOP_066,6,10.55,60
R013,STOP_002,7,11.7,30
R013,STOP_459,8,13.94,60
R013,STOP_308,9,14.89,30
R013,STOP_138,10,16.09,30
R013,STOP_029,11,18.16,60
R013,STOP_254,12,20.63,60
R013,STOP_325,13,22.68,90
R013,STOP_015,14,23.84,45
R013,STOP_424,15,26.27,60
R013,STOP_004,16,27.18,30
R014,STOP_067,1,1.06,30
R014,STOP_097,2,2.72,30
R014,STOP_325,3,4.77,90
R014,STOP_068,4,6.15,90
R014,STOP_063,5,7.43,90
R014,STOP_416,6,8.56,90
R014,STOP_305,7,10.19,45
R014,STOP_183,8,11.44,30
R014,STOP_383,9,12.26,45
R014,STOP_332,10,13.61,60
R014,STOP_233,11,15.86,60
R014,STOP_398,12,18.24,45
R015,STOP_294,1,1.02,30
R015,STOP_012,2,3.47,90
R015,STOP_241,3,5.92,30
R015,STOP_123,4,7.65,30
R015,STOP_237,5,10.06,45
R015,STOP_040,6,11.81,30
R015,STOP_146,7,13.36,90
R015,STOP_495,8,14.64,60
R015,STOP_042,9,16.02,90
R015,STOP_437,10,17.06,45
R015,STOP_216,11,19.34,45
R015,STOP_411,12,21.42,45
R015,STOP_250,13,23.61,90
R015,STOP_184,14,24.45,90
R015,STOP_060,15,26.15,60
R015,STOP_129,16,28.35,45
R015,STOP_212,17,30.29,60
R015,STOP_036,18,32.0,30
R015,STOP_349,19,34.18,30
R016,STOP_190,1,2.35,30
R016,STOP_143,2,4.29,90
R016,STOP_321,3,6.4,60
R016,STOP_253,4,7.77,60
R016,STOP_015,5,9.59,30
R016,STOP_284,6,10.69,30
R016,STOP_076,7,12.92,45
R016,STOP_270,8,14.14,90
R016,STOP_191,9,16.03,90
R016,STOP_323,10,18.1,90
R016,STOP_408,11,20.53,30
R016,STOP_040,12,22.79,30
R016,STOP_136,13,23.75,60
R016,STOP_103,14,25.72,30
R016,STOP_091,15,27.68,90
R016,STOP_217,16,29.99,30
R017,STOP_309,1,1.56,90
R017,STOP_283,2,3.11,45
R017,STOP_050,3,4.46,30
R017,STOP_387,4,6.03,45
R017,STOP_439,5,7.95,60
R017,STOP_280,6,9.86,45
R017,STOP_488,7,12.21,60
R017,STOP_150,8,13.55,30
R017,STOP_453,9,15.98,60
R018,STOP_489,1,1.9,45
R018,STOP_043,2,4.34,90
R018,STOP_067,3,6.59,90
R018,STOP_309,4,8.69,90
R018,STOP_142,5,10.03,60
R018,STOP_052,6,12.35,30
R018,STOP_242,7,13.24,30
R018,STOP_452,8,15.74,90
R018,STOP_207,9,16.77,90
R018,STOP_300,10,17.59,30
R019,STOP_340,1,1.66,60
R019,STOP_050,2,3.93,45
R019,STOP_199,3,4.85,90
R019,STOP_195,4,6.73,90
R019,STOP_410,5,8.02,45
R019,STOP_430,6,10.24,60
R019,STOP_163,7,12.55,90
R019,STOP_409,8,13.46,90
R019,STOP_086,9,15.44,30
R019,STOP_276,10,17.77,90
R019,STOP_389,11,19.1,30
R019,STOP_374,12,21.09,90
R020,STOP_391,1,0.85,30
R020,STOP_039,2,3.11,30
R020,STOP_122,3,5.19,30
R020,STOP_225,4,6.17,60
R020,STOP_226,5,7.6,60
R020,STOP_473,6,9.62,90
R020,STOP_494,7,11.72,60
R020,STOP_036,8,14.11,30
R021,STOP_372,1,2.41,30
R021,STOP_342,2,4.91,30
R021,STOP_148,3,7.15,45
R021,STOP_087,4,8.05,30
R021,STOP_299,5,10.25,60
R021,STOP_061,6,11.65,30
R021,STOP_225,7,12.94,30
R021,STOP_262,8,14.19,45
R021,STOP_237,9,16.22,90
R021,STOP_392,10,17.3,45
R021,STOP_119,11,19.32,45
R021,STOP_189,12,20.78,60
R021,STOP_397,13,21.98,60
R021,STOP_181,14,24.43,30
R022,STOP_390,1,2.37,30
R022,STOP_248,2,3.73,60
R022,STOP_056,3,6.11,45
R022,STOP_099,4,8.23,90
R022,STOP_155,5,9.25,45
R022,STOP_464,6,10.57,30
R022,STOP_127,7,12.71,60
R022,STOP_305,8,13.95,30
R022,STOP_103,9,16.43,60
R022,STOP_335,10,17.67,90
R022,STOP_059,11,19.88,90
R022,STOP_244,12,20.82,90
R022,STOP_428,13,23.25,60
R022,STOP_033,14,25.35,30
R022,STOP_388,15,26.93,90
R022,STOP_267,16,28.2,60
R022,STOP_298,17,30.08,45
R022,STOP_456,18,32.35,45
R022,STOP_070,19,33.49,60
R023,STOP_073,1,2.31,60
R023,STOP_266,2,3.95,60
R023,STOP_335,3,4.91,90
R023,STOP_258,4,6.0,30
R023,STOP_099,5,7.12,30
R023,STOP_390,6,8.43,90
R023,STOP_396,7,10.39,90
R023,STOP_237,8,11.58,60
R023,STOP_267,9,13.64,30
R023,STOP_367,10,15.74,60
R023,STOP_247,11,16.96,45
R024,STOP_088,1,2.25,60
R024,STOP_219,2,3.72,45
R024,STOP_375,3,5.52,45
R024,STOP_032,4,6.9,60
R024,STOP_366,5,8.2,90
R024,STOP_192,6,9.38,90
R024,STOP_041,7,11.71,90
R024,STOP_241,8,13.62,90
R024,STOP_137,9,14.64,90
R024,STOP_396,10,15.75,90
R025,STOP_352,1,0.82,90
R025,STOP_057,2,2.9,30
R025,STOP_452,3,3.88,60
R025,STOP_498,4,5.39,45
R025,STOP_203,5,6.58,90
R025,STOP_183,6,8.85,60
R025,STOP_421,7,10.15,90
R025,STOP_398,8,12.27,90
R025,STOP_087,9,14.72,45
R025,STOP_274,10,17.06,90
R025,STOP_158,11,19.32,90
R025,STOP_408,12,20.15,45
R025,STOP_486,13,21.36,30
R025,STOP_187,14,22.69,45
R026,STOP_255,1,0.84,90
R026,STOP_098,2,2.14,30
R026,STOP_156,3,3.18,60
R026,STOP_329,4,4.78,60
R026,STOP_182,5,5.76,60
R026,STOP_004,6,7.07,90
R026,STOP_025,7,9.49,90
R026,STOP_346,8,11.72,60
R026,STOP_383,9,13.54,60
R026,STOP_175,10,14.56,60
R026,STOP_444,11,16.97,45
R026,STOP_066,12,19.23,60
R026,STOP_339,13,20.42,30
R026,STOP_080,14,21.25,45
R026,STOP_202,15,22.58,60
R026,STOP_171,16,23.63,30
R026,STOP_124,17,25.85,45
R026,STOP_369,18,28.05,30
R027,STOP_206,1,1.42,30
R027,STOP_094,2,2.5,45
R027,STOP_005,3,3.64,45
R027,STOP_313,4,4.9,30
R027,STOP_371,5,7.08,45
R027,STOP_007,6,7.98,30
R027,STOP_170,7,8.95,45
R027,STOP_081,8,10.86,30
R027,STOP_303,9,11.95,30
R027,STOP_391,10,14.06,45
R027,STOP_011,11,16.36,60
R028,STOP_272,1,1.84,60
R028,STOP_313,2,3.31,90
R028,STOP_489,3,5.26,45
R028,STOP_198,4,6.33,60
R028,STOP_469,5,8.22,60
R028,STOP_122,6,10.13,45
R028,STOP_038,7,12.17,45
R028,STOP_404,8,13.84,60
R028,STOP_202,9,15.33,90
R028,STOP_483,10,16.34,45
R028,STOP_244,11,18.12,45
R028,STOP_221,12,20.27,45
R028,STOP_306,13,21.28,60
R028,STOP_206,14,23.66,45
R029,STOP_312,1,1.19,30
R029,STOP_439,2,2.9,60
R029,STOP_174,3,4.4,45
R029,STOP_108,4,6.12,60
R029,STOP_337,5,7.04,60
R029,STOP_102,6,8.82,60
R029,STOP_291,7,11.27,30
R029,STOP_432,8,12.28,60
R029,STOP_475,9,14.58,90
R029,STOP_090,10,16.05,90
R029,STOP_259,11,17.09,60
R029,STOP_430,12,17.89,45
R029,STOP_216,13,19.66,30
R029,STOP_443,14,21.63,30
R029,STOP_043,15,24.09,30
R029,STOP_097,16,26.48,90
R029,STOP_213,17,28.07,60
R029,STOP_334,18,29.84,45
R030,STOP_013,1,2.05,45
R030,STOP_103,2,4.15,30
R030,STOP_411,3,5.2,45
R030,STOP_300,4,7.53,90
R030,STOP_358,5,8.33,30
R030,STOP_445,6,10.05,60
R030,STOP_338,7,12.03,60
R030,STOP_122,8,14.5,60
R030,STOP_349,9,16.47,45
R030,STOP_165,10,17.77,30
R030,STOP_039,11,18.85,45
R030,STOP_109,12,21.27,30
R031,STOP_183,1,1.5,60
R031,STOP_262,2,3.51,90
R031,STOP_068,3,5.9,30
R031,STOP_403,4,8.07,60
R031,STOP_380,5,8.98,60
R031,STOP_005,6,10.58,45
R031,STOP_012,7,12.03,45
R031,STOP_132,8,14.01,90
R031,STOP_349,9,16.05,90
R031,STOP_011,10,17.12,90
R032,STOP_109,1,1.96,45
R032,STOP_333,2,3.61,30
R032,STOP_054,3,5.87,30
R032,STOP_178,4,7.79,30
R032,STOP_277,5,9.35,30
R032,STOP_029,6,10.21,30
R032,STOP_356,7,12.59,45
R032,STOP_207,8,14.78,60
R032,STOP_229,9,16.79,45
R032,STOP_435,10,18.01,30
R032,STOP_116,11,19.09,90
R032,STOP_103,12,20.99,45
R032,STOP_003,13,23.37,45
R032,STOP_353,14,25.75,90
R033,STOP_284,1,1.33,60
R033,STOP_020,2,3.68,45
R033,STOP_307,3,5.98,60
R033,STOP_463,4,7.34,30
R033,STOP_292,5,9.5,45
R033,STOP_299,6,11.84,90
R033,STOP_090,7,13.42,45
R033,STOP_074,8,15.19,30
R033,STOP_203,9,17.08,45
R033,STOP_418,10,18.78,30
R033,STOP_328,11,19.69,30
R033,STOP_325,12,22.03,60
R033,STOP_439,13,23.97,45
R034,STOP_163,1,1.07,30
R034,STOP_263,2,3.33,90
R034,STOP_223,3,5.32,90
R034,STOP_177,4,7.55,60
R034,STOP_291,5,9.23,60
R034,STOP_178,6,11.52,60
R034,STOP_210,7,13.2,45
R034,STOP_199,8,15.17,45
R034,STOP_344,9,16.14,60
R034,STOP_114,10,17.92,60
R035,STOP_180,1,1.14,45
R035,STOP_172,2,2.73,45
R035,STOP_118,3,5.21,90
R035,STOP_039,4,6.61,90
R035,STOP_020,5,8.13,30
R035,STOP_194,6,9.93,45
R035,STOP_054,7,12.17,60
R035,STOP_188,8,14.66,45
R035,STOP_070,9,16.95,60
R035,STOP_206,10,18.57,90
R035,STOP_117,11,19.73,60
R035,STOP_042,12,22.21,30
R035,STOP_448,13,23.33,90
R035,STOP_478,14,24.4,90
R035,STOP_033,15,26.66,30
R035,STOP_081,16,27.92,60
R035,STOP_198,17,29.44,90
R035,STOP_315,18,31.56,45
R036,STOP_469,1,2.42,90
R036,STOP_331,2,3.81,45
R036,STOP_027,3,6.11,30
R036,STOP_113,4,6.99,45
R036,STOP_335,5,8.86,60
R036,STOP_117,6,10.17,90
R036,STOP_222,7,11.04,90
R036,STOP_082,8,13.17,60
R036,STOP_042,9,14.69,45
R036,STOP_264,10,16.71,30
R036,STOP_208,11,17.74,45
R036,STOP_122,12,19.57,45
R036,STOP_187,13,20.78,90
R036,STOP_091,14,22.89,60
R037,STOP_232,1,1.37,30
R037,STOP_144,2,3.36,60
R037,STOP_007,3,5.07,45
R037,STOP_095,4,6.16,30
R037,STOP_253,5,8.22,30
R037,STOP_348,6,9.42,90
R037,STOP_371,7,10.91,90
R037,STOP_338,8,13.04,90
R037,STOP_286,9,14.47,90
R037,STOP_429,10,16.79,45
R038,STOP_024,1,1.14,30
R038,STOP_026,2,2.84,30
R038,STOP_397,3,5.02,60
R038,STOP_016,4,6.33,45
R038,STOP_341,5,8.69,30
R038,STOP_198,6,9.5,90
R038,STOP_092,7,10.32,60
R038,STOP_267,8,11.4,45
R039,STOP_139,1,1.99,45
R039,STOP_328,2,3.07,90
R039,STOP_390,3,5.36,45
R039,STOP_326,4,7.79,90
R039,STOP_178,5,10.06,90
R039,STOP_469,6,12.34,90
R039,STOP_454,7,14.07,90
R039,STOP_008,8,16.52,45
R039,STOP_416,9,18.31,90
R039,STOP_036,10,19.16,60
R039,STOP_056,11,21.48,60
R039,STOP_231,12,22.55,30
R039,STOP_250,13,23.96,90
R039,STOP_493,14,25.2,60
R040,STOP_289,1,1.4,45
R040,STOP_352,2,2.23,60
R040,STOP_464,3,3.26,45
R040,STOP_146,4,5.11,30
R040,STOP_460,5,6.19,90
R040,STOP_467,6,7.81,90
R040,STOP_358,7,9.09,90
R040,STOP_353,8,9.97,45
R040,STOP_100,9,11.43,45
R040,STOP_349,10,13.58,30
R040,STOP_362,11,14.95,90
R040,STOP_110,12,17.24,60
R040,STOP_197,13,18.94,30
R040,STOP_175,14,20.08,90
R040,STOP_177,15,21.88,30
R040,STOP_418,16,23.23,30
R040,STOP_190,17,24.53,45
R040,STOP_131,18,26.65,30
R041,STOP_047,1,2.03,60
R041,STOP_278,2,2.94,90
R041,STOP_197,3,4.86,30
R041,STOP_442,4,6.56,60
R041,STOP_460,5,8.64,45
R041,STOP_177,6,10.34,45
R041,STOP_453,7,12.3,30
R041,STOP_297,8,14.06,45
R041,STOP_402,9,15.21,60
R042,STOP_196,1,1.36,90
R042,STOP_182,2,3.53,60
R042,STOP_197,3,4.99,45
R042,STOP_448,4,6.84,30
R042,STOP_237,5,7.99,30
R042,STOP_104,6,10.41,45
R042,STOP_411,7,11.3,45
R042,STOP_242,8,13.46,30
R042,STOP_461,9,15.67,45
R042,STOP_488,10,18.1,90
R043,STOP_394,1,0.89,60
R043,STOP_176,2,2.34,60
R043,STOP_219,3,3.96,45
R043,STOP_324,4,5.84,60
R043,STOP_197,5,8.23,90
R043,STOP_321,6,10.53,45
R043,STOP_361,7,12.9,45
R043,STOP_262,8,14.01,60
R043,STOP_426,9,15.97,90
R043,STOP_035,10,17.67,90
R043,STOP_384,11,18.76,30
R043,STOP_173,12,19.73,90
R043,STOP_004,13,21.21,90
R043,STOP_278,14,22.46,90
R043,STOP_347,15,24.4,45
R043,STOP_313,16,25.89,60
R043,STOP_280,17,27.61,30
R043,STOP_190,18,28.65,45
R043,STOP_240,19,30.4,45
R044,STOP_229,1,1.78,30
R044,STOP_113,2,3.45,30
R044,STOP_082,3,5.4,60
R044,STOP_023,4,7.83,30
R044,STOP_370,5,8.8,90
R044,STOP_413,6,10.84,60
R044,STOP_085,7,11.97,30
R044,STOP_064,8,13.22,30
R044,STOP_306,9,14.29,90
R045,STOP_334,1,2.25,90
R045,STOP_382,2,3.41,30
R045,STOP_468,3,5.46,60
R045,STOP_389,4,6.51,90
R045,STOP_024,5,7.7,90
R045,STOP_494,6,9.85,90
R045,STOP_403,7,11.91,60
R045,STOP_379,8,13.88,60
R045,STOP_099,9,15.9,90
R045,STOP_005,10,16.72,90
R045,STOP_282,11,17.77,90
R045,STOP_357,12,20.26,30
R045,STOP_070,13,21.67,60
R045,STOP_044,14,23.79,45
R045,STOP_462,15,25.08,60
R046,STOP_193,1,2.07,90
R046,STOP_074,2,3.66,60
R046,STOP_102,3,4.86,90
R046,STOP_094,4,6.91,60
R046,STOP_269,5,8.96,90
R046,STOP_104,6,9.91,30
R046,STOP_312,7,10.73,60
R046,STOP_211,8,12.0,60
R046,STOP_209,9,13.37,60
R047,STOP_012,1,1.96,60
R047,STOP_120,2,3.22,90
R047,STOP_188,3,5.52,90
R047,STOP_402,4,7.88,90
R047,STOP_230,5,9.15,45
R047,STOP_156,6,10.43,60
R047,STOP_193,7,12.63,60
R047,STOP_121,8,13.98,30
R047,STOP_276,9,15.9,30
R048,STOP_184,1,1.53,45
R048,STOP_500,2,3.77,30
R048,STOP_170,3,5.16,90
R048,STOP_385,4,7.3,60
R048,STOP_387,5,8.79,90
R048,STOP_110,6,9.93,90
R048,STOP_093,7,11.22,45
R048,STOP_301,8,13.72,60
R048,STOP_378,9,16.08,60
R049,STOP_074,1,1.92,60
R049,STOP_089,2,3.74,45
R049,STOP_439,3,5.52,45
R049,STOP_456,4,6.89,90
R049,STOP_323,5,8.61,90
R049,STOP_395,6,10.14,45
R049,STOP_044,7,11.96,60
R049,STOP_453,8,12.89,90
R050,STOP_381,1,2.17,60
R050,STOP_112,2,4.61,60
R050,STOP_449,3,6.95,30
R050,STOP_270,4,9.3,90
R050,STOP_200,5,10.43,90
R050,STOP_224,6,12.2,45
R050,STOP_082,7,13.54,90
R050,STOP_387,8,15.9,90
R050,STOP_106,9,17.28,90
R050,STOP_217,10,19.17,30
R050,STOP_057,11,20.15,60
R050,STOP_295,12,21.66,45
R051,STOP_071,1,2.38,45
R051,STOP_297,2,3.88,30
R051,STOP_309,3,4.75,90
R051,STOP_112,4,6.34,60
R051,STOP_336,5,8.69,30
R051,STOP_182,6,10.6,90
R051,STOP_356,7,12.84,30
R051,STOP_154,8,14.61,90
R051,STOP_296,9,15.91,90
R051,STOP_225,10,17.23,60
R051,STOP_222,11,18.12,30
R051,STOP_253,12,19.47,90
R051,STOP_329,13,20.75,60
R052,STOP_211,1,1.66,60
R052,STOP_251,2,2.83,45
R052,STOP_093,3,5.16,60
R052,STOP_183,4,7.29,30
R052,STOP_457,5,9.09,60
R052,STOP_499,6,11.12,90
R052,STOP_091,7,12.75,60
R052,STOP_442,8,14.18,90
R052,STOP_231,9,16.12,30
R053,STOP_416,1,1.71,45
R053,STOP_252,2,2.54,30
R053,STOP_448,3,5.03,45
R053,STOP_290,4,6.55,90
R053,STOP_332,5,7.48,60
R053,STOP_140,6,8.93,30
R053,STOP_408,7,10.79,30
R053,STOP_111,8,11.83,90
R053,STOP_282,9,13.0,45
R054,STOP_221,1,2.25,60
R054,STOP_163,2,4.1,45
R054,STOP_202,3,5.57,90
R054,STOP_137,4,7.24,30
R054,STOP_434,5,9.6,90
R054,STOP_358,6,11.64,30
R054,STOP_353,7,13.37,60
R054,STOP_019,8,15.16,60
R054,STOP_474,9,17.35,90
R055,STOP_479,1,1.11,60
R055,STOP_366,2,1.97,45
R055,STOP_208,3,4.44,30
R055,STOP_399,4,5.85,60
R055,STOP_179,5,7.9,45
R055,STOP_185,6,10.19,90
R055,STOP_265,7,11.16,30
R055,STOP_341,8,13.39,90
R055,STOP_319,9,14.56,45
R056,STOP_442,1,1.91,90
R056,STOP_004,2,4.2,60
R056,STOP_215,3,5.21,30
R056,STOP_062,4,7.58,30
R056,STOP_244,5,9.43,30
R056,STOP_118,6,10.85,30
R056,STOP_376,7,12.62,45
R056,STOP_295,8,13.85,90
R056,STOP_443,9,15.81,90
R056,STOP_280,10,17.98,30
R056,STOP_347,11,19.49,60
R056,STOP_186,12,20.82,45
R056,STOP_331,13,23.02,60
R056,STOP_212,14,25.2,90
R057,STOP_081,1,1.41,60
R057,STOP_010,2,3.72,60
R057,STOP_162,3,4.75,30
R057,STOP_248,4,7.19,90
R057,STOP_464,5,8.76,60
R057,STOP_384,6,10.06,30
R057,STOP_242,7,10.91,60
R057,STOP_344,8,12.32,30
R057,STOP_104,9,14.77,60
R058,STOP_295,1,2.37,30
R058,STOP_180,2,4.83,30
R058,STOP_003,3,7.06,45
R058,STOP_130,4,9.07,90
R058,STOP_327,5,10.8,45
R058,STOP_402,6,12.99,45
R058,STOP_457,7,14.02,45
R058,STOP_376,8,15.0,45
R058,STOP_417,9,15.92,60
R058,STOP_162,10,16.82,30
R058,STOP_436,11,17.75,30
R058,STOP_454,12,18.77,30
R058,STOP_362,13,19.62,90
R058,STOP_252,14,20.61,90
R058,STOP_008,15,21.88,30
R058,STOP_304,16,24.12,30
R058,STOP_206,17,26.22,45
R059,STOP_098,1,1.05,90
R059,STOP_394,2,3.09,60
R059,STOP_112,3,5.32,60
R059,STOP_087,4,7.77,90
R059,STOP_320,5,9.55,30
R059,STOP_236,6,10.75,60
R059,STOP_111,7,12.21,45
R059,STOP_005,8,14.05,45
R059,STOP_096,9,16.28,60
R059,STOP_420,10,17.39,90
R059,STOP_342,11,18.84,45
R059,STOP_310,12,20.56,30
R059,STOP_266,13,23.04,45
R059,STOP_176,14,24.83,60
R059,STOP_023,15,27.02,90
R059,STOP_262,16,28.75,90
R060,STOP_152,1,0.94,60
R060,STOP_443,2,2.29,90
R060,STOP_294,3,3.87,30
R060,STOP_432,4,5.96,60
R060,STOP_277,5,6.98,30
R060,STOP_139,6,9.13,90
R060,STOP_021,7,11.55,45
R060,STOP_378,8,13.21,45
R060,STOP_149,9,14.82,60
R060,STOP_422,10,16.0,90
R060,STOP_173,11,17.44,30
R060,STOP_402,12,18.35,30
R060,STOP_471,13,20.05,30
R061,STOP_417,1,0.99,30
R061,STOP_202,2,2.56,90
R061,STOP_147,3,3.89,45
R061,STOP_046,4,4.69,45
R061,STOP_213,5,6.27,90
R061,STOP_218,6,8.18,30
R061,STOP_204,7,10.29,30
R061,STOP_244,8,12.66,30
R061,STOP_350,9,15.04,60
R061,STOP_184,10,17.39,60
R061,STOP_378,11,19.23,90
R061,STOP_274,12,20.62,90
R061,STOP_463,13,22.45,60
R061,STOP_286,14,23.79,45
R061,STOP_299,15,25.96,45
R061,STOP_212,16,27.04,60
R061,STOP_018,17,28.92,60
R062,STOP_460,1,1.31,45
R062,STOP_427,2,3.52,90
R062,STOP_403,3,4.59,60
R062,STOP_275,4,6.64,30
R062,STOP_130,5,7.49,90
R062,STOP_013,6,9.29,90
R062,STOP_202,7,10.11,45
R062,STOP_208,8,10.99,45
R062,STOP_464,9,12.86,60
R062,STOP_316,10,15.26,45
R062,STOP_034,11,16.72,45
R062,STOP_480,12,18.9,90
R062,STOP_371,13,19.84,60
R062,STOP_104,14,21.11,45
R062,STOP_267,15,22.54,90
R062,STOP_389,16,24.59,45
R062,STOP_481,17,25.69,30
R063,STOP_360,1,1.26,45
R063,STOP_108,2,2.99,90
R063,STOP_100,3,4.39,30
R063,STOP_139,4,6.59,30
R063,STOP_469,5,7.9,45
R063,STOP_008,6,9.96,90
R063,STOP_422,7,11.49,90
R063,STOP_458,8,13.07,90
R063,STOP_473,9,14.73,30
R063,STOP_394,10,16.93,45
R063,STOP_137,11,19.21,30
R063,STOP_420,12,20.39,45
R063,STOP_325,13,21.43,90
R063,STOP_238,14,22.85,90
R063,STOP_163,15,24.62,90
R063,STOP_042,16,25.52,30
R063,STOP_316,17,26.73,30
R064,STOP_353,1,1.01,90
R064,STOP_452,2,3.47,60
R064,STOP_418,3,5.1,60
R064,STOP_354,4,7.05,90
R064,STOP_287,5,9.54,90
R064,STOP_441,6,10.93,60
R064,STOP_110,7,12.66,60
R064,STOP_102,8,14.3,30
R064,STOP_275,9,16.33,60
R064,STOP_253,10,17.5,30
R064,STOP_363,11,18.57,30
R065,STOP_340,1,1.11,60
R065,STOP_253,2,2.27,30
R065,STOP_248,3,4.56,30
R065,STOP_293,4,6.65,45
R065,STOP_172,5,8.14,90
R065,STOP_181,6,9.13,90
R065,STOP_072,7,10.49,90
R065,STOP_197,8,11.48,30
R065,STOP_002,9,13.38,60
R065,STOP_184,10,14.73,60
R065,STOP_365,11,16.56,30
R065,STOP_214,12,18.69,90
R065,STOP_299,13,20.85,60
R065,STOP_346,14,22.19,45
R066,STOP_178,1,1.87,90
R066,STOP_352,2,4.31,60
R066,STOP_489,3,6.12,45
R066,STOP_427,4,7.85,90
R066,STOP_202,5,9.58,45
R066,STOP_300,6,10.5,30
R066,STOP_404,7,11.7,90
R066,STOP_080,8,13.93,60
R066,STOP_130,9,14.89,60
R066,STOP_233,10,17.11,90
R066,STOP_072,11,18.84,30
R066,STOP_368,12,19.95,90
R066,STOP_239,13,21.39,45
R066,STOP_454,14,22.27,30
R067,STOP_347,1,2.05,30
R067,STOP_160,2,3.26,30
R067,STOP_191,3,4.34,30
R067,STOP_390,4,5.64,30
R067,STOP_359,5,6.79,30
R067,STOP_089,6,8.55,45
R067,STOP_156,7,9.88,30
R067,STOP_280,8,10.82,60
R067,STOP_393,9,12.85,90
R067,STOP_116,10,14.4,45
R067,STOP_241,11,15.59,45
R067,STOP_192,12,16.82,45
R068,STOP_449,1,1.95,30
R068,STOP_350,2,3.47,90
R068,STOP_427,3,5.53,90
R068,STOP_139,4,7.82,30
R068,STOP_289,5,10.3,60
R068,STOP_179,6,12.22,90
R068,STOP_355,7,14.14,30
R068,STOP_430,8,16.2,60
R068,STOP_429,9,18.51,30
R068,STOP_353,10,19.38,90
R068,STOP_080,11,20.4,45
R068,STOP_147,12,21.86,45
R068,STOP_411,13,24.29,60
R068,STOP_191,14,25.1,45
R068,STOP_156,15,25.96,30
R068,STOP_183,16,27.01,45
R068,STOP_112,17,29.14,30
R068,STOP_345,18,31.07,60
R069,STOP_366,1,1.3,60
R069,STOP_092,2,3.74,60
R069,STOP_124,3,6.19,30
R069,STOP_207,4,7.81,90
R069,STOP_448,5,10.31,90
R069,STOP_476,6,12.51,60
R069,STOP_015,7,13.42,60
R069,STOP_172,8,14.8,45
R069,STOP_452,9,15.78,90
R069,STOP_225,10,16.95,45
R069,STOP_086,11,18.12,60
R069,STOP_438,12,19.18,60
R069,STOP_161,13,20.47,30
R069,STOP_215,14,22.63,45
R069,STOP_270,15,24.57,60
R069,STOP_217,16,27.0,90
R069,STOP_085,17,27.86,90
R070,STOP_157,1,2.31,45
R070,STOP_203,2,3.14,30
R070,STOP_325,3,5.49,90
R070,STOP_169,4,6.98,90
R070,STOP_317,5,8.49,45
R070,STOP_060,6,10.25,45
R070,STOP_235,7,11.28,60
R070,STOP_063,8,13.64,30
R070,STOP_477,9,15.08,60
R070,STOP_100,10,15.93,90
R070,STOP_019,11,18.35,60
R070,STOP_206,12,19.22,90
R070,STOP_095,13,20.49,30
R071,STOP_036,1,1.83,45
R071,STOP_236,2,3.81,90
R071,STOP_210,3,5.84,45
R071,STOP_424,4,6.64,45
R071,STOP_315,5,8.3,45
R071,STOP_436,6,9.97,45
R071,STOP_300,7,11.17,30
R071,STOP_092,8,12.83,45
R071,STOP_289,9,15.21,60
R071,STOP_335,10,17.41,45
R072,STOP_483,1,1.46,90
R072,STOP_414,2,3.32,30
R072,STOP_292,3,5.18,60
R072,STOP_298,4,7.05,60
R072,STOP_341,5,8.24,45
R072,STOP_015,6,9.68,30
R072,STOP_090,7,11.03,60
R072,STOP_249,8,13.38,90
R072,STOP_132,9,15.14,60
R072,STOP_204,10,17.54,30
R073,STOP_234,1,2.15,60
R073,STOP_209,2,3.25,90
R073,STOP_316,3,4.45,30
R073,STOP_188,4,6.28,30
R073,STOP_034,5,8.5,30
R073,STOP_325,6,10.94,90
R073,STOP_154,7,12.2,60
R073,STOP_487,8,14.3,90
R073,STOP_399,9,15.66,90
R073,STOP_221,10,17.25,90
R073,STOP_397,11,18.77,90
R073,STOP_218,12,21.13,90
R073,STOP_252,13,22.87,90
R073,STOP_414,14,23.86,90
R074,STOP_445,1,2.36,60
R074,STOP_163,2,3.67,60
R074,STOP_246,3,5.59,30
R074,STOP_372,4,7.3,90
R074,STOP_497,5,8.68,90
R074,STOP_428,6,10.99,90
R074,STOP_316,7,13.0,45
R074,STOP_347,8,14.21,60
R074,STOP_470,9,15.69,60
R074,STOP_197,10,18.15,30
R074,STOP_254,11,19.1,90
R074,STOP_399,12,20.8,90
R074,STOP_265,13,22.53,30
R074,STOP_314,14,24.42,60
R074,STOP_364,15,26.83,45
R074,STOP_340,16,28.23,60
R074,STOP_233,17,30.52,45
R074,STOP_102,18,32.54,30
R074,STOP_138,19,33.56,45
R075,STOP_202,1,1.61,45
R075,STOP_413,2,3.27,60
R075,STOP_337,3,4.33,45
R075,STOP_166,4,6.53,90
R075,STOP_219,5,7.46,30
R075,STOP_318,6,9.42,45
R075,STOP_131,7,10.76,30
R075,STOP_032,8,11.84,90
R075,STOP_005,9,13.27,45
R075,STOP_377,10,15.65,45
R075,STOP_178,11,16.52,30
R075,STOP_039,12,18.14,60
R075,STOP_223,13,18.99,45
R075,STOP_216,14,21.43,30
R075,STOP_058,15,23.42,60
R075,STOP_083,16,24.57,30
R075,STOP_134,17,25.78,45
R076,STOP_179,1,1.49,60
R076,STOP_303,2,3.86,30
R076,STOP_432,3,5.63,30
R076,STOP_478,4,8.11,45
R076,STOP_131,5,9.63,60
R076,STOP_369,6,11.04,45
R076,STOP_059,7,13.32,45
R076,STOP_141,8,15.46,30
R076,STOP_374,9,17.57,90
R076,STOP_124,10,19.46,30
R076,STOP_389,11,21.9,60
R076,STOP_102,12,22.88,60
R076,STOP_288,13,24.17,90
R077,STOP_488,1,1.74,30
R077,STOP_365,2,3.0,90
R077,STOP_490,3,4.44,60
R077,STOP_031,4,5.27,30
R077,STOP_080,5,7.56,60
R077,STOP_283,6,9.44,45
R077,STOP_002,7,11.26,30
R077,STOP_498,8,12.43,90
R077,STOP_096,9,14.16,30
R077,STOP_114,10,16.36,60
R077,STOP_253,11,17.27,90
R077,STOP_316,12,18.59,60
R077,STOP_291,13,20.61,30
R077,STOP_116,14,23.02,90
R078,STOP_097,1,2.09,30
R078,STOP_003,2,4.28,60
R078,STOP_426,3,6.35,45
R078,STOP_420,4,8.62,30
R078,STOP_295,5,10.16,45
R078,STOP_123,6,12.18,90
R078,STOP_072,7,13.62,90
R078,STOP_456,8,15.15,30
R078,STOP_144,9,16.38,30
R079,STOP_005,1,2.12,90
R079,STOP_045,2,4.06,45
R079,STOP_358,3,5.99,45
R079,STOP_479,4,8.08,45
R079,STOP_315,5,9.81,90
R079,STOP_003,6,11.04,60
R079,STOP_019,7,13.08,60
R079,STOP_225,8,15.33,60
R079,STOP_184,9,17.26,60
R079,STOP_164,10,19.62,60
R079,STOP_096,11,20.87,45
R079,STOP_174,12,23.08,30
R079,STOP_191,13,25.27,45
R079,STOP_135,14,26.08,90
R079,STOP_102,15,27.94,60
R079,STOP_201,16,29.15,30
R079,STOP_327,17,30.14,45
R079,STOP_083,18,31.09,45
R079,STOP_294,19,31.96,30
R080,STOP_397,1,1.85,45
R080,STOP_140,2,3.18,45
R080,STOP_488,3,5.34,45
R080,STOP_065,4,7.11,45
R080,STOP_049,5,8.89,45
R080,STOP_218,6,10.28,45
R080,STOP_405,7,11.85,45
R080,STOP_371,8,12.88,60
R080,STOP_417,9,14.06,90
R080,STOP_398,10,16.17,60
R080,STOP_313,11,18.2,45
R080,STOP_206,12,19.84,30
R080,STOP_256,13,21.17,90
R080,STOP_359,14,23.18,45
R080,STOP_308,15,24.45,30
R080,STOP_382,16,26.72,30
R080,STOP_238,17,29.2,90
R080,STOP_117,18,31.17,45
R081,STOP_463,1,1.62,45
R081,STOP_222,2,3.4,45
R081,STOP_113,3,5.35,30
R081,STOP_002,4,6.53,90
R081,STOP_327,5,7.64,30
R081,STOP_465,6,8.65,45
R081,STOP_481,7,9.87,60
R081,STOP_037,8,11.19,45
R081,STOP_263,9,13.05,30
R081,STOP_116,10,15.17,30
R081,STOP_328,11,17.2,45
R081,STOP_411,12,18.26,60
R081,STOP_253,13,19.94,90
R081,STOP_104,14,21.38,30
R082,STOP_324,1,2.3,90
R082,STOP_436,2,3.98,30
R082,STOP_454,3,5.45,60
R082,STOP_158,4,7.92,45
R082,STOP_356,5,9.02,30
R082,STOP_338,6,11.27,90
R082,STOP_434,7,12.55,30
R082,STOP_444,8,14.19,30
R082,STOP_328,9,16.12,30
R082,STOP_400,10,16.94,30
R082,STOP_137,11,18.11,30
R082,STOP_050,12,19.32,30
R082,STOP_105,13,20.28,30
R082,STOP_374,14,21.2,45
R082,STOP_204,15,22.34,45
R082,STOP_261,16,23.95,60
R083,STOP_148,1,1.47,90
R083,STOP_497,2,2.42,60
R083,STOP_183,3,4.92,90
R083,STOP_171,4,6.08,60
R083,STOP_285,5,8.29,45
R083,STOP_040,6,9.11,90
R083,STOP_286,7,10.79,30
R083,STOP_277,8,12.44,60
R084,STOP_219,1,0.92,30
R084,STOP_172,2,1.86,45
R084,STOP_360,3,4.12,90
R084,STOP_358,4,5.16,45
R084,STOP_377,5,5.99,60
R084,STOP_191,6,7.67,90
R084,STOP_271,7,9.31,30
R084,STOP_325,8,11.64,90
R084,STOP_107,9,13.75,90
R084,STOP_282,10,14.65,45
R084,STOP_374,11,16.81,45
R084,STOP_422,12,18.25,45
R084,STOP_274,13,20.35,30
R084,STOP_124,14,21.18,30
R085,STOP_285,1,2.28,30
R085,STOP_367,2,4.42,45
R085,STOP_498,3,6.84,30
R085,STOP_200,4,8.18,45
R085,STOP_280,5,10.02,45
R085,STOP_169,6,12.47,45
R085,STOP_437,7,13.32,30
R085,STOP_366,8,14.97,30
R085,STOP_456,9,16.96,45
R085,STOP_123,10,19.25,30
R085,STOP_037,11,20.8,45
R085,STOP_431,12,22.76,30
R085,STOP_129,13,23.95,90
R085,STOP_382,14,26.39,30
R085,STOP_352,15,28.47,30
R085,STOP_380,16,29.92,90
R085,STOP_423,17,31.95,45
R085,STOP_048,18,34.42,30
R085,STOP_070,19,36.52,45
R086,STOP_367,1,1.38,90
R086,STOP_313,2,3.84,30
R086,STOP_286,3,4.7,90
R086,STOP_294,4,6.62,30
R086,STOP_071,5,7.48,60
R086,STOP_099,6,8.81,90
R086,STOP_145,7,9.78,60
R086,STOP_370,8,12.27,60
R086,STOP_444,9,14.61,90
R086,STOP_061,10,15.48,45
R086,STOP_022,11,16.4,60
R086,STOP_210,12,18.87,45
R086,STOP_498,13,20.69,30
R086,STOP_020,14,22.41,60
R086,STOP_030,15,24.11,60
R086,STOP_188,16,26.08,60
R086,STOP_053,17,27.53,90
R086,STOP_085,18,29.93,90
R086,STOP_175,19,31.8,90
R087,STOP_396,1,0.97,90
R087,STOP_126,2,2.4,30
R087,STOP_474,3,4.73,60
R087,STOP_342,4,6.32,45
R087,STOP_389,5,7.3,60
R087,STOP_355,6,8.99,30
R087,STOP_044,7,10.04,45
R087,STOP_366,8,11.88,60
R087,STOP_305,9,14.11,90
R087,STOP_048,10,16.26,90
R087,STOP_015,11,18.48,45
R087,STOP_033,12,20.18,90
R087,STOP_089,13,22.66,30
R088,STOP_411,1,2.0,90
R088,STOP_167,2,3.44,30
R088,STOP_180,3,5.07,60
R088,STOP_403,4,7.55,45
R088,STOP_398,5,9.29,60
R088,STOP_268,6,10.53,30
R088,STOP_453,7,12.54,90
R088,STOP_215,8,14.97,60
R088,STOP_449,9,16.78,60
R088,STOP_425,10,17.84,90
R088,STOP_038,11,20.26,45
R088,STOP_271,12,22.27,60
R089,STOP_442,1,1.49,90
R089,STOP_495,2,3.87,60
R089,STOP_313,3,4.94,45
R089,STOP_131,4,7.28,90
R089,STOP_326,5,8.34,90
R089,STOP_432,6,9.19,60
R089,STOP_295,7,10.61,45
R089,STOP_323,8,12.71,60
R089,STOP_020,9,14.46,90
R089,STOP_135,10,15.93,30
R089,STOP_146,11,18.27,45
R089,STOP_290,12,20.38,60
R089,STOP_270,13,21.77,90
R089,STOP_469,14,23.96,90
R089,STOP_247,15,26.04,30
R089,STOP_156,16,27.66,90
R089,STOP_168,17,28.56,30
R089,STOP_263,18,29.56,90
R090,STOP_031,1,2.36,30
R090,STOP_452,2,3.81,45
R090,STOP_219,3,5.02,60
R090,STOP_298,4,6.3,30
R090,STOP_006,5,7.47,30
R090,STOP_341,6,9.76,90
R090,STOP_115,7,11.24,90
R090,STOP_201,8,12.62,90
R090,STOP_100,9,13.56,30
R090,STOP_231,10,15.25,90
R091,STOP_017,1,2.3,45
R091,STOP_436,2,4.35,90
R091,STOP_242,3,5.64,90
R091,STOP_278,4,6.54,30
R091,STOP_335,5,8.98,45
R091,STOP_204,6,10.13,45
R091,STOP_201,7,11.93,45
R091,STOP_231,8,13.31,30
R091,STOP_279,9,15.01,60
R091,STOP_365,10,17.23,60
R091,STOP_497,11,19.57,60
R091,STOP_101,12,20.76,90
R091,STOP_500,13,21.67,30
R091,STOP_136,14,23.35,60
R091,STOP_393,15,24.36,45
R091,STOP_255,16,26.57,60
R091,STOP_420,17,27.76,45
R092,STOP_368,1,1.76,60
R092,STOP_236,2,3.36,30
R092,STOP_435,3,5.17,90
R092,STOP_178,4,6.07,60
R092,STOP_252,5,8.42,90
R092,STOP_177,6,9.49,60
R092,STOP_179,7,10.34,90
R092,STOP_491,8,12.0,45
R092,STOP_174,9,13.94,90
R092,STOP_034,10,15.45,30
R092,STOP_328,11,16.55,30
R092,STOP_450,12,18.66,60
R092,STOP_066,13,19.81,60
R093,STOP_204,1,1.14,45
R093,STOP_466,2,2.86,30
R093,STOP_289,3,4.75,60
R093,STOP_147,4,5.62,30
R093,STOP_222,5,6.67,90
R093,STOP_038,6,7.72,90
R093,STOP_386,7,9.17,30
R093,STOP_020,8,11.24,45
R093,STOP_382,9,12.48,45
R093,STOP_019,10,14.12,45
R094,STOP_332,1,1.67,45
R094,STOP_187,2,3.92,60
R094,STOP_470,3,5.82,45
R094,STOP_059,4,8.28,30
R094,STOP_042,5,10.25,45
R094,STOP_434,6,12.41,60
R094,STOP_183,7,13.74,30
R094,STOP_214,8,14.8,45
R095,STOP_042,1,1.78,45
R095,STOP_296,2,3.17,45
R095,STOP_370,3,4.42,30
R095,STOP_051,4,6.54,30
R095,STOP_010,5,8.52,30
R095,STOP_167,6,10.9,60
R095,STOP_271,7,12.52,45
R095,STOP_334,8,14.54,90
R096,STOP_156,1,2.04,60
R096,STOP_332,2,3.2,45
R096,STOP_439,3,4.13,30
R096,STOP_056,4,6.43,90
R096,STOP_257,5,8.11,60
R096,STOP_368,6,10.05,45
R096,STOP_204,7,11.4,90
R096,STOP_351,8,13.7,45
R096,STOP_273,9,15.7,30
R096,STOP_493,10,18.18,45
R096,STOP_459,11,19.63,30
R096,STOP_201,12,20.49,30
R096,STOP_285,13,22.16,60
R096,STOP_490,14,23.45,90
R096,STOP_019,15,25.25,30
R097,STOP_458,1,2.49,90
R097,STOP_192,2,4.58,30
R097,STOP_456,3,6.96,60
R097,STOP_403,4,8.94,60
R097,STOP_240,5,11.4,60
R097,STOP_118,6,12.68,45
R097,STOP_175,7,14.1,90
R097,STOP_404,8,15.25,60
R097,STOP_332,9,17.5,30
R097,STOP_411,10,19.82,45
R097,STOP_460,11,21.43,30
R097,STOP_067,12,23.13,45
R097,STOP_009,13,25.23,60
R097,STOP_082,14,27.4,30
R097,STOP_142,15,29.63,60
R097,STOP_191,16,31.44,90
R098,STOP_120,1,1.95,45
R098,STOP_244,2,2.79,30
R098,STOP_486,3,3.98,45
R098,STOP_046,4,6.12,90
R098,STOP_040,5,7.01,90
R098,STOP_374,6,8.92,90
R098,STOP_073,7,10.93,30
R098,STOP_235,8,12.74,45
R098,STOP_207,9,13.86,30
R098,STOP_401,10,15.55,45
R098,STOP_274,11,17.86,60
R098,STOP_439,12,18.99,90
R098,STOP_139,13,20.54,45
R098,STOP_459,14,21.38,30
R098,STOP_254,15,23.15,60
R099,STOP_221,1,1.29,45
R099,STOP_303,2,3.24,60
R099,STOP_143,3,4.06,45
R099,STOP_103,4,5.74,30
R099,STOP_468,5,7.62,30
R099,STOP_481,6,9.31,60
R099,STOP_060,7,10.36,90
R099,STOP_206,8,11.25,30
R099,STOP_478,9,12.06,45
R099,STOP_123,10,13.59,90
R099,STOP_357,11,15.42,60
R099,STOP_016,12,17.85,60
R100,STOP_125,1,0.86,45
R100,STOP_485,2,1.92,60
R100,STOP_233,3,4.35,60
R100,STOP_247,4,6.59,60
R100,STOP_201,5,7.63,90
R100,STOP_077,6,8.5,45
R100,STOP_012,7,10.02,60
R100,STOP_158,8,11.63,90
R100,STOP_280,9,13.76,90
R100,STOP_067,10,15.04,45
R100,STOP_334,11,15.88,60
