stop_id,stop_name,latitude,longitude,zone_type
STOP_001,Station_1,24.87490802376947,67.13963234280395,Transit Hub
STOP_002,Station_2,24.990142861281985,67.10721927326883,Industrial
STOP_003,Station_3,24.94639878836228,67.06190552325727,Residential
STOP_004,Station_4,24.919731696839406,67.16275900394139,Industrial
STOP_005,Station_5,24.83120372808849,67.13694623451077,Industrial
STOP_006,Station_6,24.83119890406724,67.03252338786898,Transit Hub
STOP_007,Station_7,24.81161672243364,67.18218543689878,Industrial
STOP_008,Station_8,24.973235229154987,67.16450744858463,Transit Hub
STOP_009,Station_9,24.920223002348642,67.1899599826584,Commercial
STOP_010,Station_10,24.94161451555921,67.14514390167767,Commercial
STOP_011,Station_11,24.80411689885916,67.12268303918717,Transit Hub
STOP_012,Station_12,24.993981970432397,67.08364860725813,Commercial
STOP_013,Station_13,24.966488528160085,67.1865456966708,Residential
STOP_014,Station_14,24.842467822135657,67.17321277790009,Industrial
STOP_015,Station_15,24.83636499344142,67.00904373402123,Residential
STOP_016,Station_16,24.836680901970688,67.00527339489945,Industrial
STOP_017,Station_17,24.86084844859191,67.07529267337561,Commercial
STOP_018,Station_18,24.904951286326448,67.16211066615637,Residential
STOP_019,Station_19,24.886389003728425,67.197455225863,Commercial
STOP_020,Station_20,24.85824582803961,67.03008337822071,Industrial
STOP_021,Station_21,24.922370578944477,67.11882614307044,Transit Hub
STOP_022,Station_22,24.82789877213041,67.0761781713262,Transit Hub
STOP_023,Station_23,24.858428929707046,67.19398287956292,Residential
STOP_024,Station_24,24.87327236865874,67.16842378462714,Commercial
STOP_025,Station_25,24.89121399684341,67.16766574094223,Commercial
STOP_026,Station_26,24.957035192278603,67.093738631959,Residential
STOP_027,Station_27,24.839934756431674,67.08296390046753,Transit Hub
STOP_028,Station_28,24.902846887682724,67.05468141438614,Industrial
STOP_029,Station_29,24.918482913772408,67.01127509933019,Residential
STOP_030,Station_30,24.809290082544,67.17294447525101,Industrial
STOP_031,Station_31,24.921508970380287,67.16258020182602,Transit Hub
STOP_032,Station_32,24.83410482473746,67.19994353465722,Commercial
STOP_033,Station_33,24.81301031859706,67.19932736741478,Transit Hub
STOP_034,Station_34,24.989777107450667,67.11108634112053,Residential
STOP_035,Station_35,24.993126406614913,67.1537974830361,Commercial
STOP_036,Station_36,24.96167946962329,67.18895314597648,Residential
STOP_037,Station_37,24.860922753834675,67.16992947813549,Residential
STOP_038,Station_38,24.819534422801276,67.04946962034865,Transit Hub
STOP_039,Station_39,24.93684660530243,67.09010882706202,Residential
STOP_040,Station_40,24.88803049874792,67.02583188303029,Transit Hub
STOP_041,Station_41,24.824407646968957,67.19081020545175,Commercial
STOP_042,Station_42,24.899035382022255,67.12123492689018,Transit Hub
STOP_043,Station_43,24.806877704223044,67.04572856110069,Commercial
STOP_044,Station_44,24.981864080415757,67.13434013688118,Transit Hub
STOP_045,Station_45,24.851755996320005,67.12362564809158,Industrial
STOP_046,Station_46,24.932504456870795,67.07163254360657,Industrial
STOP_047,Station_47,24.862342215217883,67.02271151843992,Residential
STOP_048,Station_48,24.904013604235562,67.13431463911856,Transit Hub
STOP_049,Station_49,24.909342055868656,67.10406154018077,Transit Hub
STOP_050,Station_50,24.836970891105107,67.15446367834713,Commercial
STOP_051,Station_51,24.993916925552913,67.1040327002224,Residential
STOP_052,Station_52,24.955026564672224,67.17043630006371,Transit Hub
STOP_053,Station_53,24.987899788312838,67.1103813677549,Residential
STOP_054,Station_54,24.97896547008553,67.11218759430707,Industrial
STOP_055,Station_55,24.919579995762216,67.17533072053168,Transit Hub
STOP_056,Station_56,24.984374847004624,67.08069657324248,Transit Hub
STOP_057,Station_57,24.817698500410383,67.02680304569013,Residential
STOP_058,Station_58,24.83919657248383,67.00575653526266,Transit Hub
STOP_059,Station_59,24.80904545778211,67.15102745113472,Residential
STOP_060,Station_60,24.865066066152654,67.1240619102707,Transit Hub
STOP_061,Station_61,24.877735457937895,67.14081595361985,Commercial
STOP_062,Station_62,24.85426980635478,67.04259283230178,Residential
STOP_063,Station_63,24.965747501830386,67.02727429511735,Transit Hub
STOP_064,Station_64,24.871350665338717,67.00290893313358,Industrial
STOP_065,Station_65,24.856186901937477,67.07011751176132,Transit Hub
STOP_066,Station_66,24.90853921663165,67.11798353737093,Industrial
STOP_067,Station_67,24.828184844994954,67.07844880901995,Industrial
STOP_068,Station_68,24.960439396150807,67.08749498440474,Commercial
STOP_069,Station_69,24.814910128735956,67.18083173889875,Residential
STOP_070,Station_70,24.997377387320103,67.06965109340466,Transit Hub
STOP_071,Station_71,24.95444895385933,67.10279789783196,Commercial
STOP_072,Station_72,24.839743136306836,67.15673060254824,Transit Hub
STOP_073,Station_73,24.80110442342472,67.07930855646426,Industrial
STOP_074,Station_74,24.963092285690966,67.12441734004558,Residential
STOP_075,Station_75,24.941371468769525,67.17247274174935,Transit Hub
STOP_076,Station_76,24.945801433608196,67.18990412473153,Transit Hub
STOP_077,Station_77,24.95425406933719,67.02941469618581,Industrial
STOP_078,Station_78,24.814808930346818,67.1853175250323,Transit Hub
STOP_079,Station_79,24.871693145708853,67.09842325861591,Transit Hub
STOP_080,Station_80,24.823173811905026,67.05164887765979,Industrial
STOP_081,Station_81,24.97262068517512,67.09182715124766,Commercial
STOP_082,Station_82,24.92465962536551,67.19600651505709,Industrial
STOP_083,Station_83,24.86617960497053,67.09852361879858,Commercial
STOP_084,Station_84,24.812711670057205,67.0657503220575,Residential
STOP_085,Station_85,24.862196464343132,67.12668017086335,Commercial
STOP_086,Station_86,24.86503666440535,67.04802912375564,Commercial
STOP_087,Station_87,24.945921235667612,67.01517266562173,Residential
STOP_088,Station_88,24.927511494271045,67.02577594438213,Commercial
STOP_089,Station_89,24.977442548515267,67.02560916779156,Industrial
STOP_090,Station_90,24.89444298503239,67.03038053870246,Commercial
STOP_091,Station_91,24.82391884918766,67.02776543452988,Residential
STOP_092,Station_92,24.9426489574446,67.12817494896065,Industrial
STOP_093,Station_93,24.95215700972338,67.03637601687983,Residential
STOP_094,Station_94,24.9122554395139,67.06913345666477,Residential
STOP_095,Station_95,24.954193435990913,67.1793576819812,Transit Hub
STOP_096,Station_96,24.898759119272878,67.09479232805258,Transit Hub
STOP_097,Station_97,24.904546565876398,67.1335115477042,Residential
STOP_098,Station_98,24.88550820367171,67.03446397424032,Residential
STOP_099,Station_99,24.80508382534882,67.03845780376173,Residential
STOP_100,Station_100,24.82157828539866,67.0081737232533,Transit Hub
STOP_101,Station_101,24.80628583713735,67.03378701261444,Transit Hub
STOP_102,Station_102,24.927282082252756,67.0557180678064,Commercial
STOP_103,Station_103,24.862871196215266,67.03540209685535,Commercial
STOP_104,Station_104,24.90171413823294,67.01774050675141,Residential
STOP_105,Station_105,24.98151329478522,67.02412717422013,Industrial
STOP_106,Station_106,24.849858445829774,67.09215575360655,Industrial
STOP_107,Station_107,24.882076584607127,67.04126674368116,Transit Hub
STOP_108,Station_108,24.95111022770861,67.07285397220961,Transit Hub
STOP_109,Station_109,24.845759633098325,67.10068345417098,Transit Hub
STOP_110,Station_110,24.81539598196576,67.13807896572588,Residential
STOP_111,Station_111,24.857950290582753,67.00786242796822,Industrial
STOP_112,Station_112,24.832244257450803,67.15988207978181,Commercial
STOP_113,Station_113,24.985939530468514,67.12558007789818,Residential
STOP_114,Station_114,24.961624075912884,67.01635180638978,Commercial
STOP_115,Station_115,24.926680751302086,67.17471572482135,Commercial
STOP_116,Station_116,24.974292118037543,67.18417448010636,Residential
STOP_117,Station_117,24.96073441537982,67.01221559197097,Commercial
STOP_118,Station_118,24.837314011777206,67.05537552962944,Industrial
STOP_119,Station_119,24.978511799697994,67.16124025595862,Commercial
STOP_120,Station_120,24.90786844838313,67.14965193807673,Industrial
STOP_121,Station_121,24.96148803103281,67.03690420387127,Industrial
STOP_122,Station_122,24.979218259984698,67.04186986466735,Industrial
STOP_123,Station_123,24.863600694994375,67.07409442055828,Transit Hub
STOP_124,Station_124,24.822010384905536,67.0969045970382,Commercial
STOP_125,Station_125,24.845587032508387,67.12365095430606,Residential
STOP_126,Station_126,24.88542155772525,67.07378272791395,Residential
STOP_127,Station_127,24.9636029531845,67.09250694322662,Commercial
STOP_128,Station_128,24.97214611665127,67.14949418762676,Transit Hub
STOP_129,Station_129,24.801390426106238,67.00733664057812,Transit Hub
STOP_130,Station_130,24.902149460515513,67.0504873888688,Industrial
STOP_131,Station_131,24.883482200629757,67.14266991717692,Commercial
STOP_132,Station_132,24.844421562094148,67.17904136753744,Commercial
STOP_133,Station_133,24.823973073466735,67.10233548842314,Residential
STOP_134,Station_134,24.867523034280726,67.10642269705306,Commercial
STOP_135,Station_135,24.988581940782502,67.02143440226796,Transit Hub
STOP_136,Station_136,24.86464058640415,67.0894824733647,Commercial
STOP_137,Station_137,24.903758124348673,67.106523453291,Residential
STOP_138,Station_138,24.940603791779036,67.04849410072694,Industrial
STOP_139,Station_139,24.872725920475858,67.05384864618988,Residential
STOP_140,Station_140,24.994356416544193,67.07545683262093,Residential
STOP_141,Station_141,24.992489458988423,67.00401423955554,Industrial
STOP_142,Station_142,24.850356459165074,67.06441583311664,Residential
STOP_143,Station_143,24.899449701178476,67.0422896013993,Residential
STOP_144,Station_144,24.860175661963353,67.06549947043558,Commercial
STOP_145,Station_145,24.856968098875495,67.02395242636385,Commercial
STOP_146,Station_146,24.807377389470908,67.17810545614797,Industrial
STOP_147,Station_147,24.921912866795978,67.1187184907108,Commercial
STOP_148,Station_148,24.900535804645774,67.1358204638289,Commercial
STOP_149,Station_149,24.81029575025,67.15783424772147,Residential
STOP_150,Station_150,24.85572929284732,67.09968843978581,Transit Hub
STOP_151,Station_151,24.98165317719333,67.01738405761749,Commercial
STOP_152,Station_152,24.847912378133394,67.10742130836371,Transit Hub
STOP_153,Station_153,24.828978974418245,67.11736822360417,Commercial
STOP_154,Station_154,24.897890552055514,67.14908789483687,Commercial
STOP_155,Station_155,24.99713009082212,67.08633190924594,Industrial
STOP_156,Station_156,24.8484110543023,67.02551606055911,Industrial
STOP_157,Station_157,24.934427109481177,67.05675518115974,Industrial
STOP_158,Station_158,24.952323923065745,67.07261645927973,Transit Hub
STOP_159,Station_159,24.847527508798482,67.12918344826632,Residential
STOP_160,Station_160,24.94564326972237,67.11415566093379,Commercial
STOP_161,Station_161,24.873556626543852,67.07121934517957,Commercial
STOP_162,Station_162,24.926461166118717,67.1973030497586,Commercial
STOP_163,Station_163,24.92670594215218,67.12115496387138,Transit Hub
STOP_164,Station_164,24.90715493681495,67.0474453583472,Industrial
STOP_165,Station_165,24.818057954010882,67.02035649452408,Residential
STOP_166,Station_166,24.96706049911785,67.03057182783687,Transit Hub
STOP_167,Station_167,24.864156012994346,67.0491915456769,Industrial
STOP_168,Station_168,24.83730370207997,67.03213627465192,Transit Hub
STOP_169,Station_169,24.808155028310953,67.03731340481026,Residential
STOP_170,Station_170,24.918178588637648,67.05701903373877,Industrial
STOP_171,Station_171,24.935512872368456,67.03467471905896,Transit Hub
STOP_172,Station_172,24.803317565785573,67.17935308492528,Residential
STOP_173,Station_173,24.902418611659858,67.01604674913233,Commercial
STOP_174,Station_174,24.845299155039587,67.10490227791405,Residential
STOP_175,Station_175,24.92903455808189,67.08207936539793,Commercial
STOP_176,Station_176,24.834873285801,67.19647572338172,Transit Hub
STOP_177,Station_177,24.938187547620494,67.02240778043361,Industrial
STOP_178,Station_178,24.877347069260107,67.07957111980915,Industrial
STOP_179,Station_179,24.987345997747347,67.19389408665508,Transit Hub
STOP_180,Station_180,24.8275041888292,67.1731014251788,Industrial
STOP_181,Station_181,24.868213270210052,67.16341441418986,Industrial
STOP_182,Station_182,24.822694704248118,67.05158056540898,Commercial
STOP_183,Station_183,24.984938723655713,67.03417751747801,Transit Hub
STOP_184,Station_184,24.975467870676198,67.13372864398488,Residential
STOP_185,Station_185,24.85158832554303,67.18587519782552,Commercial
STOP_186,Station_186,24.931996809206836,67.11135257860279,Transit Hub
STOP_187,Station_187,24.96344444004024,67.11432253789398,Commercial
STOP_188,Station_188,24.911040162319892,67.05599581873206,Residential
STOP_189,Station_189,24.9059301156712,67.15389858663839,Residential
STOP_190,Station_190,24.848370458180092,67.0374087497115,Transit Hub
STOP_191,Station_191,24.818620553561182,67.06473584728084,Residential
STOP_192,Station_192,24.979443151590665,67.08508728772328,Commercial
STOP_193,Station_193,24.980083611432665,67.1015220757369,Residential
STOP_194,Station_194,24.926620291454654,67.04848194648302,Commercial
STOP_195,Station_195,24.86780595820974,67.02296736494785,Commercial
STOP_196,Station_196,24.86984191492253,67.12212400848833,Residential
STOP_197,Station_197,24.94519113577405,67.05772611064805,Transit Hub
STOP_198,Station_198,24.979422051990515,67.11624764428453,Industrial
STOP_199,Station_199,24.977417284853022,67.03087254305484,Residential
STOP_200,Station_200,24.955975109171526,67.09622802037096,Commercial
STOP_201,Station_201,24.928406329230857,67.10651788651032,Commercial
STOP_202,Station_202,24.81682799299901,67.01036470736449,Residential
STOP_203,Station_203,24.832325742818924,67.06732085563878,Transit Hub
STOP_204,Station_204,24.979710837705415,67.02688293538779,Transit Hub
STOP_205,Station_205,24.921285811931916,67.01267499409455,Commercial
STOP_206,Station_206,24.80183941032333,67.19799204647799,Commercial
STOP_207,Station_207,24.820294308573207,67.06447076899495,Transit Hub
STOP_208,Station_208,24.932700353821613,67.16197488917093,Industrial
STOP_209,Station_209,24.801012316769246,67.05092813095276,Residential
STOP_210,Station_210,24.8321616102835,67.1363005444448,Commercial
STOP_211,Station_211,24.909746757873318,67.15204557197794,Commercial
STOP_212,Station_212,24.93837903953854,67.11912774812157,Transit Hub
STOP_213,Station_213,24.93039225190052,67.09431523771003,Residential
STOP_214,Station_214,24.844853861892112,67.08236818282946,Transit Hub
STOP_215,Station_215,24.942435844269507,67.0697736533086,Residential
STOP_216,Station_216,24.84744981749936,67.18590582884957,Residential
STOP_217,Station_217,24.865079939631855,67.16612388155755,Residential
STOP_218,Station_218,24.949298281023605,67.19300538213331,Commercial
STOP_219,Station_219,24.929926579809443,67.02485944469711,Industrial
STOP_220,Station_220,24.969844682098834,67.14617349504073,Transit Hub
STOP_221,Station_221,24.93152257846007,67.18766809136422,Industrial
STOP_222,Station_222,24.913661720667093,67.03624661323313,Transit Hub
STOP_223,Station_223,24.81873495356562,67.01329925347335,Residential
STOP_224,Station_224,24.873543160611888,67.14822412985801,Commercial
STOP_225,Station_225,24.853040473536346,67.11489462263599,Industrial
STOP_226,Station_226,24.84879792867582,67.16836575535166,Commercial
STOP_227,Station_227,24.99460211095049,67.02795447532526,Transit Hub
STOP_228,Station_228,24.878619544933354,67.15905346237199,Commercial
STOP_229,Station_229,24.978409311035424,67.04032546400956,Commercial
STOP_230,Station_230,24.926227725199453,67.03273118857314,Industrial
STOP_231,Station_231,24.95896226070833,67.0328531595862,Residential
STOP_232,Station_232,24.90052741862104,67.16291494404628,Commercial
STOP_233,Station_233,24.91538077692527,67.13303944413924,Residential
STOP_234,Station_234,24.898503538763773,67.10461308495383,Transit Hub
STOP_235,Station_235,24.83904859755961,67.0717660968247,Commercial
STOP_236,Station_236,24.9444904230523,67.17544010816262,Industrial
STOP_237,Station_237,24.85615447248817,67.07848902148453,Transit Hub
STOP_238,Station_238,24.80486319328629,67.16331988789432,Transit Hub
STOP_239,Station_239,24.929094459181435,67.08782698171404,Industrial
STOP_240,Station_240,24.83542213588141,67.07538888588498,Commercial
STOP_241,Station_241,24.98809171687058,67.09253595713392,Commercial
STOP_242,Station_242,24.990785715400516,67.06027557483283,Transit Hub
STOP_243,Station_243,24.98297287804409,67.14952187603525,Commercial
STOP_244,Station_244,24.87403174005109,67.1005440780185,Residential
STOP_245,Station_245,24.803091323305775,67.04644253902936,Industrial
STOP_246,Station_246,24.985663712517546,67.17991491465492,Residential
STOP_247,Station_247,24.885636829663465,67.07677824427465,Commercial
STOP_248,Station_248,24.993330963808734,67.1087105722228,Transit Hub
STOP_249,Station_249,24.99272399541785,67.1812944221929,Industrial
STOP_250,Station_250,24.970601891093473,67.1248475991828,Commercial
STOP_251,Station_251,24.858889778413918,67.02337960814167,Commercial
STOP_252,Station_252,24.877019545720387,67.1879664247227,Transit Hub
STOP_253,Station_253,24.97022733430337,67.12554161061429,Transit Hub
STOP_254,Station_254,24.863384401031254,67.06698112293142,Residential
STOP_255,Station_255,24.83389854933722,67.02785441453268,Industrial
STOP_256,Station_256,24.91136025249167,67.15880503785407,Industrial
STOP_257,Station_257,24.987230954832157,67.12401455118571,Transit Hub
STOP_258,Station_258,24.939205959334995,67.10669221839527,Residential
STOP_259,Station_259,24.914012234017875,67.1787785166102,Industrial
STOP_260,Station_260,24.819435298754154,67.15771944224491,Transit Hub
STOP_261,Station_261,24.923001445339835,67.03033497594654,Commercial
STOP_262,Station_262,24.99801077002085,67.06234441355912,Industrial
STOP_263,Station_263,24.828016803047305,67.04969782796289,Residential
STOP_264,Station_264,24.903665930472748,67.14878925851454,Residential
STOP_265,Station_265,24.97547461438559,67.00670648694715,Residential
STOP_266,Station_266,24.948153723550842,67.11397793697427,Commercial
STOP_267,Station_267,24.939403148199055,67.15249173714814,Industrial
STOP_268,Station_268,24.94049681679742,67.17535312735235,Industrial
STOP_269,Station_269,24.87189823024395,67.06841634974319,Commercial
STOP_270,Station_270,24.858718368852898,67.16425146093441,Industrial
STOP_271,Station_271,24.961872231095704,67.02212634739104,Commercial
STOP_272,Station_272,24.962022678935835,67.16929045834691,Commercial
STOP_273,Station_273,24.973414463716022,67.02549773246639,Commercial
STOP_274,Station_274,24.982648110511295,67.07945745811207,Residential
STOP_275,Station_275,24.90226847977219,67.15945907315592,Industrial
STOP_276,Station_276,24.90030325893744,67.02998348546976,Commercial
STOP_277,Station_277,24.959659035793354,67.04585027904653,Industrial
STOP_278,Station_278,24.92999278615555,67.14445051367862,Residential
STOP_279,Station_279,24.940393375451542,67.14400730730922,Commercial
STOP_280,Station_280,24.95915853388722,67.12822952657706,Transit Hub
STOP_281,Station_281,24.978001068363515,67.13878968889343,Residential
STOP_282,Station_282,24.867599031370307,67.10854488866953,Transit Hub
STOP_283,Station_283,24.875116590527988,67.05035981178139,Industrial
STOP_284,Station_284,24.818796387968174,67.06913919870078,Industrial
STOP_285,Station_285,24.915656028199233,67.03631954336029,Residential
STOP_286,Station_286,24.80718845475935,67.18169011226672,Industrial
STOP_287,Station_287,24.89311960362649,67.11667835895322,Transit Hub
STOP_288,Station_288,24.908528926941514,67.08017028335273,Commercial
STOP_289,Station_289,24.857308250425657,67.09240116072883,Commercial
STOP_290,Station_290,24.918166652113804,67.18945666792237,Commercial
STOP_291,Station_291,24.806100049987812,67.03067028062321,Residential
STOP_292,Station_292,24.807469637749843,67.11724596640336,Industrial
STOP_293,Station_293,24.964520112131932,67.1011777357769,Transit Hub
STOP_294,Station_294,24.872038128282252,67.12229084708693,Industrial
STOP_295,Station_295,24.82541210253038,67.00362203676417,Industrial
STOP_296,Station_296,24.904448652010963,67.17442478178883,Industrial
STOP_297,Station_297,24.95399871061972,67.18642365649673,Commercial
STOP_298,Station_298,24.84316420549937,67.11302663671785,Transit Hub
STOP_299,Station_299,24.9245780951638,67.13933016477539,Transit Hub
STOP_300,Station_300,24.817069492998755,67.18449987623546,Industrial
STOP_301,Station_301,24.810336344233722,67.14144772686268,Commercial
STOP_302,Station_302,24.90627092631363,67.03050780858285,Commercial
STOP_303,Station_303,24.90812702432202,67.11525767203337,Transit Hub
STOP_304,Station_304,24.927485980299643,67.12134300927657,Commercial
STOP_305,Station_305,24.945218266744533,67.08482613426048,Commercial
STOP_306,Station_306,24.995170415892506,67.14728884712494,Commercial
STOP_307,Station_307,24.903260069660238,67.18687340295381,Residential
STOP_308,Station_308,24.864591294588248,67.18511370258136,Industrial
STOP_309,Station_309,24.95903723895374,67.09016787428082,Transit Hub
STOP_310,Station_310,24.854166450252414,67.02264760916815,Transit Hub
STOP_311,Station_311,24.887794284141126,67.19696823979247,Residential
STOP_312,Station_312,24.815691276268453,67.16777961728918,Industrial
STOP_313,Station_313,24.805070148683093,67.02493253624066,Transit Hub
STOP_314,Station_314,24.992529682935587,67.18416837652347,Commercial
STOP_315,Station_315,24.967196024102442,67.17397927241242,Transit Hub
STOP_316,Station_316,24.93919484121874,67.10376761142521,Commercial
STOP_317,Station_317,24.881790588882854,67.11825508714898,Residential
STOP_318,Station_318,24.83465886401417,67.07980054077403,Commercial
STOP_319,Station_319,24.83128740853422,67.0109523277644,Transit Hub
STOP_320,Station_320,24.85004857963292,67.06703944832918,Transit Hub
STOP_321,Station_321,24.909845332941224,67.1605706897196,Transit Hub
STOP_322,Station_322,24.942919184540013,67.00092640460092,Residential
STOP_323,Station_323,24.932039475343547,67.06669983433822,Residential
STOP_324,Station_324,24.855986779389188,67.07963373871819,Industrial
STOP_325,Station_325,24.99097305613264,67.10747912058758,Transit Hub
STOP_326,Station_326,24.947579383339153,67.18397112328256,Commercial
STOP_327,Station_327,24.91087081050228,67.06926919887319,Residential
STOP_328,Station_328,24.92234414924687,67.06939064037924,Transit Hub
STOP_329,Station_329,24.883920012485557,67.14750024962196,Transit Hub
STOP_330,Station_330,24.84954619790023,67.09044358817796,Residential
STOP_331,Station_331,24.871194535730254,67.044920964588,Industrial
STOP_332,Station_332,24.951569222092875,67.09048790322655,Residential
STOP_333,Station_333,24.80287869772595,67.02817140407596,Residential
STOP_334,Station_334,24.823214528101385,67.03527739730124,Commercial
STOP_335,Station_335,24.80920052840435,67.09967355454789,Commercial
STOP_336,Station_336,24.808145760463795,67.08378508990091,Industrial
STOP_337,Station_337,24.9710921168022,67.18296918021362,Transit Hub
STOP_338,Station_338,24.940731571876004,67.07247877982333,Residential
STOP_339,Station_339,24.894834765817464,67.11611767005562,Industrial
STOP_340,Station_340,24.8195668321302,67.12645285758391,Commercial
STOP_341,Station_341,24.898323175023368,67.00261889131767,Residential
STOP_342,Station_342,24.894694354156112,67.13270747440335,Transit Hub
STOP_343,Station_343,24.834640373982005,67.03560719337395,Commercial
STOP_344,Station_344,24.886770329847597,67.19221406349389,Commercial
STOP_345,Station_345,24.879700946879474,67.02973254555063,Commercial
STOP_346,Station_346,24.923170019610442,67.0829248247454,Industrial
STOP_347,Station_347,24.92701873017353,67.01706993361573,Transit Hub
STOP_348,Station_348,24.80906080195441,67.1993748503692,Residential
STOP_349,Station_349,24.874922522925296,67.10043900206625,Industrial
STOP_350,Station_350,24.925171983142846,67.11907700346401,Industrial
STOP_351,Station_351,24.900627251716017,67.01341529547769,Industrial
STOP_352,Station_352,24.971297968237664,67.14999209407983,Commercial
STOP_353,Station_353,24.93173872632379,67.04198111861912,Transit Hub
STOP_354,Station_354,24.832586885416287,67.17961085788815,Industrial
STOP_355,Station_355,24.814113749480086,67.0410279280964,Residential
STOP_356,Station_356,24.928483855641264,67.03813754413274,Transit Hub
STOP_357,Station_357,24.805302262108324,67.00730993356962,Residential
STOP_358,Station_358,24.917155116254694,67.094413389022,Transit Hub
STOP_359,Station_359,24.988046048284993,67.11296822665253,Residential
STOP_360,Station_360,24.915094835575175,67.01314172788567,Commercial
STOP_361,Station_361,24.877633985241303,67.155105523339,Industrial
STOP_362,Station_362,24.92865764368847,67.0906577669496,Residential
STOP_363,Station_363,24.891650578098304,67.10487805386552,Transit Hub
STOP_364,Station_364,24.909123357863187,67.08815254938764,Industrial
STOP_365,Station_365,24.988292961755306,67.08015261217507,Industrial
STOP_366,Station_366,24.877220527560155,67.11192806626164,Transit Hub
STOP_367,Station_367,24.992238112764785,67.03104804918614,Residential
STOP_368,Station_368,24.981070128391213,67.03638562609906,Commercial
STOP_369,Station_369,24.83915822695786,67.1723571242027,Commercial
STOP_370,Station_370,24.813872260175035,67.18922309242673,Residential
STOP_371,Station_371,24.820155600275488,67.07466186325595,Industrial
STOP_372,Station_372,24.80364436513031,67.05414893462871,Industrial
STOP_373,Station_373,24.818888592151186,67.1287999086478,Industrial
STOP_374,Station_374,24.936601354683273,67.08174683421962,Industrial
STOP_375,Station_375,24.814237729692046,67.00507727113207,Residential
STOP_376,Station_376,24.863795126058754,67.03123051947324,Industrial
STOP_377,Station_377,24.96897506219389,67.14319444576948,Transit Hub
STOP_378,Station_378,24.804654387147167,67.13178478838203,Industrial
STOP_379,Station_379,24.96289369651779,67.0054191985007,Commercial
STOP_380,Station_380,24.85637095495468,67.0443944323866,Industrial
STOP_381,Station_381,24.823632965524332,67.04621495931761,Residential
STOP_382,Station_382,24.93934743307283,67.13437854871975,Commercial
STOP_383,Station_383,24.925788569355976,67.00394210755087,Residential
STOP_384,Station_384,24.97549440270541,67.02082171639691,Residential
STOP_385,Station_385,24.947014208760777,67.15998321707464,Commercial
STOP_386,Station_386,24.96069618607697,67.03570893241087,Residential
STOP_387,Station_387,24.856406914514263,67.13054922157038,Residential
STOP_388,Station_388,24.835487908755944,67.04763655620934,Industrial
STOP_389,Station_389,24.950122950328172,67.01988827855187,Transit Hub
STOP_390,Station_390,24.961366947853453,67.0486344381999,Residential
STOP_391,Station_391,24.998101028400136,67.14445338637114,Residential
STOP_392,Station_392,24.882523535382287,67.17113929362127,Residential
STOP_393,Station_393,24.874403617158556,67.1660439729134,Industrial
STOP_394,Station_394,24.9552825921484,67.0794367059237,Transit Hub
STOP_395,Station_395,24.868160708050603,67.13361702731413,Commercial
STOP_396,Station_396,24.986151465120713,67.04099685908317,Industrial
STOP_397,Station_397,24.9716825503686,67.0586295460522,Industrial
STOP_398,Station_398,24.885798805475005,67.17926716370422,Transit Hub
STOP_399,Station_399,24.9501742135583,67.00260038470215,Transit Hub
STOP_400,Station_400,24.950908574816935,67.01710170617089,Industrial
STOP_401,Station_401,24.820624773767186,67.04157725102921,Commercial
STOP_402,Station_402,24.980510581335913,67.00530644077476,Industrial
STOP_403,Station_403,24.901050474489573,67.03628708701795,Transit Hub
STOP_404,Station_404,24.96529149322155,67.11660831219395,Commercial
STOP_405,Station_405,24.864009920206122,67.0842849101185,Transit Hub
STOP_406,Station_406,24.97910464569924,67.1785343422154,Commercial
STOP_407,Station_407,24.877840335746832,67.16348871234769,Residential
STOP_408,Station_408,24.80216753029606,67.06836347033958,Transit Hub
STOP_409,Station_409,24.981076395283853,67.05188468668626,Transit Hub
STOP_410,Station_410,24.818257335357227,67.07593848163346,Industrial
STOP_411,Station_411,24.863862727518082,67.11805898850297,Transit Hub
STOP_412,Station_412,24.99001239341016,67.05361272816458,Transit Hub
STOP_413,Station_413,24.99012142938751,67.12482978156983,Residential
STOP_414,Station_414,24.914687577624658,67.08188233043825,Transit Hub
STOP_415,Station_415,24.92636744243396,67.1104094361704,Residential
STOP_416,Station_416,24.889689104395664,67.08722530582706,Residential
STOP_417,Station_417,24.858642154339613,67.05889315190838,Residential
STOP_418,Station_418,24.865732909073984,67.18969066139243,Residential
STOP_419,Station_419,24.934503691215408,67.15272115883195,Commercial
STOP_420,Station_420,24.950474905887535,67.02802263515329,Industrial
STOP_421,Station_421,24.95831580874517,67.17369359517959,Commercial
STOP_422,Station_422,24.957923628558913,67.09748623964991,Transit Hub
STOP_423,Station_423,24.81824122060974,67.17891044537882,Commercial
STOP_424,Station_424,24.898884060940517,67.15997105118946,Commercial
STOP_425,Station_425,24.81151175200333,67.08504270089385,Transit Hub
STOP_426,Station_426,24.909905776464747,67.00449386166402,Transit Hub
STOP_427,Station_427,24.888306100274676,67.05373547187699,Transit Hub
STOP_428,Station_428,24.97754083655166,67.10832684293217,Commercial
STOP_429,Station_429,24.870183002510416,67.12669564396523,Commercial
STOP_430,Station_430,24.82341340328552,67.05157753708664,Transit Hub
STOP_431,Station_431,24.82859833641057,67.02787121481457,Industrial
STOP_432,Station_432,24.952302126343493,67.16698604735986,Industrial
STOP_433,Station_433,24.923643612663252,67.19688043614072,Residential
STOP_434,Station_434,24.820224535224558,67.10513803646054,Transit Hub
STOP_435,Station_435,24.816821361223,67.03433585716967,Residential
STOP_436,Station_436,24.940193826291825,67.05446146530387,Industrial
STOP_437,Station_437,24.81455260127284,67.0036781353095,Residential
STOP_438,Station_438,24.96437201185807,67.1828597613121,Transit Hub
STOP_439,Station_439,24.9412484454313,67.02355021657803,Transit Hub
STOP_440,Station_440,24.81626975612838,67.11530329510285,Transit Hub
STOP_441,Station_441,24.81696754281704,67.05481104413744,Commercial
STOP_442,Station_442,24.997327915700236,67.11083560050317,Residential
STOP_443,Station_443,24.874854159151223,67.13028407767038,Industrial
STOP_444,Station_444,24.87412842941338,67.16594836074144,Industrial
STOP_445,Station_445,24.9625599134515,67.04128425435212,Industrial
STOP_446,Station_446,24.989449715476773,67.0021991657317,Commercial
STOP_447,Station_447,24.997200212764575,67.02737712601376,Commercial
STOP_448,Station_448,24.950675637051788,67.18000372836963,Transit Hub
STOP_449,Station_449,24.875251917106183,67.1747780155125,Industrial
STOP_450,Station_450,24.816700143339734,67.11948262043407,Commercial
STOP_451,Station_451,24.95542938318549,67.12010337208673,Transit Hub
STOP_452,Station_452,24.91168084994716,67.13300733490925,Industrial
STOP_453,Station_453,24.884844401849396,67.0350742557247,Residential
STOP_454,Station_454,24.981270877018947,67.182882389185,Transit Hub
STOP_455,Station_455,24.82223949646123,67.08375410497841,Commercial
STOP_456,Station_456,24.898525020858173,67.0766277056499,Commercial
STOP_457,Station_457,24.802270728953484,67.10378354105657,Transit Hub
STOP_458,Station_458,24.893732128398824,67.00939319335501,Transit Hub
STOP_459,Station_459,24.81126065513637,67.03325667375121,Commercial
STOP_460,Station_460,24.823763583253616,67.14760672328528,Residential
STOP_461,Station_461,24.82350524935542,67.01655973358503,Industrial
STOP_462,Station_462,24.929842060423212,67.12063042189328,Residential
STOP_463,Station_463,24.949208975853086,67.04906982193627,Transit Hub
STOP_464,Station_464,24.91667375301943,67.07785912280839,Residential
STOP_465,Station_465,24.99243450969491,67.05773874735414,Commercial
STOP_466,Station_466,24.87497411590474,67.07113454329298,Transit Hub
STOP_467,Station_467,24.857142417256373,67.14380918103686,Industrial
STOP_468,Station_468,24.973719825637893,67.05942434312463,Commercial
STOP_469,Station_469,24.84471916770389,67.11328092805938,Commercial
STOP_470,Station_470,24.992644507888123,67.09521008043983,Industrial
STOP_471,Station_471,24.802430894937963,67.13273423307253,Industrial
STOP_472,Station_472,24.993975765341528,67.18736594786495,Residential
STOP_473,Station_473,24.808631982390114,67.14651441944206,Transit Hub
STOP_474,Station_474,24.978228622739614,67.04298807571816,Industrial
STOP_475,Station_475,24.90554022181726,67.00623662701226,Industrial
STOP_476,Station_476,24.99859295922386,67.05245280885997,Transit Hub
STOP_477,Station_477,24.814759312947082,67.11901558614005,Industrial
STOP_478,Station_478,24.910770856880266,67.01028516269685,Industrial
STOP_479,Station_479,24.99386050712382,67.09927324944024,Residential
STOP_480,Station_480,24.90461956883403,67.11936856978338,Commercial
STOP_481,Station_481,24.925879727627052,67.06684877816339,Commercial
STOP_482,Station_482,24.939149737796924,67.15418244074917,Commercial
STOP_483,Station_483,24.890908212953555,67.02131965062675,Commercial
STOP_484,Station_484,24.925511616016813,67.01502755634716,Industrial
STOP_485,Station_485,24.91686286238462,67.14563775124073,Transit Hub
STOP_486,Station_486,24.980231602098197,67.09909826324125,Transit Hub
STOP_487,Station_487,24.809089276068292,67.13768047928555,Residential
STOP_488,Station_488,24.856192637918447,67.08696546772074,Residential
STOP_489,Station_489,24.990082296815313,67.04928040664782,Industrial
STOP_490,Station_490,24.978052756778183,67.16382046353485,Transit Hub
STOP_491,Station_491,24.891131350557142,67.1598831757938,Transit Hub
STOP_492,Station_492,24.924026519560307,67.13893929417088,Commercial
STOP_493,Station_493,24.85547623659623,67.05442902744599,Industrial
STOP_494,Station_494,24.83762423194475,67.11804613337382,Industrial
STOP_495,Station_495,24.892739680987997,67.07219477938801,Commercial
STOP_496,Station_496,24.87067044560521,67.01831641466532,Industrial
STOP_497,Station_497,24.916731222370174,67.18346271509245,Industrial
STOP_498,Station_498,24.815546927392997,67.0273637261838,Residential
STOP_499,Station_499,24.99487896153323,67.19004747076416,Transit Hub
STOP_500,Station_500,24.99724214889592,67.08920115459159,Industrial
