vehicle_id,vehicle_type,seating_capacity,crush_capacity,operational_status
VEH_001,Mini Bus,120,130,Active
VEH_002,Standard Bus,50,130,Active
VEH_003,Standard Bus,50,50,Active
VEH_004,Standard Bus,120,130,Active
VEH_005,Articulated Bus,30,200,Active
VEH_006,Standard Bus,30,90,Active
VEH_007,Standard Bus,50,90,Active
VEH_008,Standard Bus,30,90,Active
VEH_009,Standard Bus,120,50,Active
VEH_010,Articulated Bus,30,130,Active
VEH_011,Standard Bus,50,200,Active
VEH_012,Mini Bus,120,200,Active
VEH_013,Standard Bus,30,50,Active
VEH_014,Standard Bus,80,200,Active
VEH_015,Standard Bus,120,200,Active
VEH_016,Standard Bus,120,200,Active
VEH_017,Standard Bus,80,200,Active
VEH_018,Standard Bus,80,130,Active
VEH_019,Articulated Bus,120,200,Active
VEH_020,Standard Bus,80,90,Active
VEH_021,Articulated Bus,50,50,Active
VEH_022,Mini Bus,50,130,Active
VEH_023,Mini Bus,50,200,Active
VEH_024,Standard Bus,120,130,Active
VEH_025,Standard Bus,80,200,Active
VEH_026,Standard Bus,80,90,Active
VEH_027,Standard Bus,30,50,Active
VEH_028,Light Rail,30,200,Active
VEH_029,Standard Bus,80,200,Active
VEH_030,Standard Bus,80,200,Active
VEH_031,Articulated Bus,80,200,Active
VEH_032,Mini Bus,120,50,Active
VEH_033,Articulated Bus,80,50,Active
VEH_034,Standard Bus,30,90,Active
VEH_035,Standard Bus,120,50,Active
VEH_036,Articulated Bus,80,200,Active
VEH_037,Standard Bus,30,90,Active
VEH_038,Standard Bus,120,90,Active
VEH_039,Standard Bus,80,90,Active
VEH_040,Standard Bus,80,200,Active
VEH_041,Standard Bus,80,130,Active
VEH_042,Standard Bus,120,200,Active
VEH_043,Articulated Bus,30,50,Active
VEH_044,Articulated Bus,30,50,Active
VEH_045,Mini Bus,50,200,Active
VEH_046,Standard Bus,80,200,Active
VEH_047,Standard Bus,50,90,Active
VEH_048,Standard Bus,50,200,Active
VEH_049,Articulated Bus,30,90,Active
VEH_050,Mini Bus,120,50,Active
VEH_051,Standard Bus,120,90,Active
VEH_052,Light Rail,30,200,Active
VEH_053,Standard Bus,120,50,Active
VEH_054,Articulated Bus,50,130,Active
VEH_055,Mini Bus,80,90,Active
VEH_056,Mini Bus,30,50,Active
VEH_057,Mini Bus,80,90,Active
VEH_058,Mini Bus,120,50,Active
VEH_059,Standard Bus,80,50,Active
VEH_060,Mini Bus,120,90,Active
VEH_061,Standard Bus,120,130,Active
VEH_062,Mini Bus,50,50,Active
VEH_063,Articulated Bus,120,50,Active
VEH_064,Mini Bus,50,50,Active
VEH_065,Standard Bus,50,130,Active
VEH_066,Articulated Bus,50,130,Active
VEH_067,Articulated Bus,30,200,Active
VEH_068,Mini Bus,30,90,Active
VEH_069,Standard Bus,120,130,Active
VEH_070,Standard Bus,50,90,Active
VEH_071,Standard Bus,30,200,Active
VEH_072,Standard Bus,50,90,Active
VEH_073,Mini Bus,80,130,Active
VEH_074,Standard Bus,80,90,Active
VEH_075,Light Rail,80,130,Active
VEH_076,Standard Bus,120,90,Active
VEH_077,Standard Bus,50,130,Active
VEH_078,Mini Bus,80,130,Active
VEH_079,Articulated Bus,30,90,Active
VEH_080,Standard Bus,80,200,Active
VEH_081,Articulated Bus,80,50,Active
VEH_082,Mini Bus,80,200,Active
VEH_083,Standard Bus,120,90,Active
VEH_084,Light Rail,30,200,Active
VEH_085,Light Rail,50,130,Active
VEH_086,Articulated Bus,30,50,Active
VEH_087,Standard Bus,50,90,Active
VEH_088,Articulated Bus,120,90,Active
VEH_089,Standard Bus,120,90,Active
VEH_090,Standard Bus,120,50,Active
VEH_091,Standard Bus,120,130,Active
VEH_092,Standard Bus,50,90,Active
VEH_093,Mini Bus,80,200,Active
VEH_094,Mini Bus,50,90,Active
VEH_095,Mini Bus,30,90,Active
VEH_096,Standard Bus,120,90,Active
VEH_097,Standard Bus,120,90,Active
VEH_098,Standard Bus,30,130,Active
VEH_099,Light Rail,50,200,Active
VEH_100,Standard Bus,80,130,Active
VEH_101,Mini Bus,80,200,Active
VEH_102,Articulated Bus,30,90,Active
VEH_103,Standard Bus,80,50,Active
VEH_104,Mini Bus,50,130,Active
VEH_105,Standard Bus,50,50,Active
VEH_106,Mini Bus,30,130,Active
VEH_107,Light Rail,50,90,Active
VEH_108,Standard Bus,120,130,Active
VEH_109,Standard Bus,30,90,Active
VEH_110,Articulated Bus,50,130,Active
VEH_111,Light Rail,30,90,Active
VEH_112,Standard Bus,80,90,Active
VEH_113,Articulated Bus,50,200,Active
VEH_114,Articulated Bus,120,90,Active
VEH_115,Mini Bus,50,200,Active
VEH_116,Standard Bus,30,90,Active
VEH_117,Mini Bus,30,50,Active
VEH_118,Light Rail,50,90,Active
VEH_119,Standard Bus,120,50,Active
VEH_120,Standard Bus,120,50,Active
VEH_121,Light Rail,120,90,Active
VEH_122,Standard Bus,30,50,Active
VEH_123,Mini Bus,50,200,Active
VEH_124,Standard Bus,80,130,Active
VEH_125,Standard Bus,30,90,Active
VEH_126,Mini Bus,120,50,Active
VEH_127,Standard Bus,50,90,Active
VEH_128,Articulated Bus,120,200,Active
VEH_129,Standard Bus,80,90,Active
VEH_130,Articulated Bus,120,90,Active
VEH_131,Standard Bus,120,50,Active
VEH_132,Standard Bus,80,200,Active
VEH_133,Light Rail,50,130,Active
VEH_134,Standard Bus,30,130,Active
VEH_135,Articulated Bus,50,50,Active
VEH_136,Standard Bus,80,90,Active
VEH_137,Mini Bus,120,50,Active
VEH_138,Standard Bus,50,50,Active
VEH_139,Light Rail,30,50,Active
VEH_140,Standard Bus,80,90,Active
VEH_141,Standard Bus,50,200,Active
VEH_142,Standard Bus,30,50,Active
VEH_143,Standard Bus,80,90,Active
VEH_144,Articulated Bus,30,200,Active
VEH_145,Standard Bus,80,50,Active
VEH_146,Mini Bus,120,130,Active
VEH_147,Standard Bus,50,200,Active
VEH_148,Standard Bus,30,50,Active
VEH_149,Articulated Bus,80,200,Active
VEH_150,Mini Bus,30,200,Active
VEH_151,Standard Bus,30,200,Active
VEH_152,Standard Bus,50,200,Active
VEH_153,Standard Bus,120,200,Active
VEH_154,Mini Bus,30,200,Active
VEH_155,Articulated Bus,80,50,Active
VEH_156,Standard Bus,80,130,Active
VEH_157,Mini Bus,120,90,Active
VEH_158,Mini Bus,80,200,Active
VEH_159,Articulated Bus,120,90,Active
VEH_160,Mini Bus,80,50,Active
VEH_161,Standard Bus,50,200,Active
VEH_162,Standard Bus,30,130,Active
VEH_163,Standard Bus,50,90,Active
VEH_164,Standard Bus,30,200,Active
VEH_165,Articulated Bus,30,50,Active
VEH_166,Light Rail,30,130,Active
VEH_167,Standard Bus,50,90,Active
VEH_168,Standard Bus,30,90,Active
VEH_169,Standard Bus,50,200,Active
VEH_170,Light Rail,120,130,Active
VEH_171,Standard Bus,80,130,Active
VEH_172,Articulated Bus,80,130,Active
VEH_173,Standard Bus,30,130,Active
VEH_174,Standard Bus,50,50,Active
VEH_175,Light Rail,80,130,Active
VEH_176,Light Rail,50,90,Active
VEH_177,Standard Bus,50,90,Active
VEH_178,Light Rail,30,50,Active
VEH_179,Articulated Bus,80,90,Active
VEH_180,Mini Bus,30,90,Active
VEH_181,Standard Bus,30,130,Active
VEH_182,Articulated Bus,80,90,Active
VEH_183,Standard Bus,80,50,Active
VEH_184,Articulated Bus,120,130,Active
VEH_185,Standard Bus,120,200,Active
VEH_186,Standard Bus,50,130,Active
VEH_187,Standard Bus,80,50,Active
VEH_188,Mini Bus,120,130,Active
VEH_189,Standard Bus,50,130,Active
VEH_190,Articulated Bus,50,50,Active
VEH_191,Light Rail,50,130,Active
VEH_192,Standard Bus,120,50,Active
VEH_193,Articulated Bus,80,50,Active
VEH_194,Standard Bus,30,200,Active
VEH_195,Mini Bus,50,90,Active
VEH_196,Standard Bus,120,90,Active
VEH_197,Articulated Bus,120,130,Active
VEH_198,Mini Bus,30,130,Active
VEH_199,Light Rail,30,200,Active
VEH_200,Articulated Bus,120,200,Active
VEH_201,Standard Bus,80,200,Active
VEH_202,Articulated Bus,30,50,Active
VEH_203,Mini Bus,120,200,Active
VEH_204,Articulated Bus,30,200,Active
VEH_205,Standard Bus,80,130,Active
VEH_206,Light Rail,50,200,Active
VEH_207,Articulated Bus,30,50,Active
VEH_208,Articulated Bus,80,50,Active
VEH_209,Standard Bus,120,130,Active
VEH_210,Articulated Bus,30,200,Active
VEH_211,Standard Bus,30,200,Active
VEH_212,Articulated Bus,120,50,Active
VEH_213,Standard Bus,50,200,Active
VEH_214,Articulated Bus,120,200,Active
VEH_215,Light Rail,30,200,Active
VEH_216,Standard Bus,120,90,Active
VEH_217,Light Rail,80,130,Active
VEH_218,Standard Bus,120,90,Active
VEH_219,Mini Bus,30,130,Active
VEH_220,Mini Bus,120,50,Active
VEH_221,Articulated Bus,50,200,Active
VEH_222,Mini Bus,120,130,Active
VEH_223,Mini Bus,50,90,Active
VEH_224,Standard Bus,80,200,Active
VEH_225,Standard Bus,50,50,Active
VEH_226,Articulated Bus,120,130,Active
VEH_227,Mini Bus,30,130,Active
VEH_228,Mini Bus,50,130,Active
VEH_229,Mini Bus,80,200,Active
VEH_230,Standard Bus,50,90,Active
VEH_231,Mini Bus,50,90,Active
VEH_232,Standard Bus,50,130,Active
VEH_233,Articulated Bus,80,50,Active
VEH_234,Standard Bus,120,50,Active
VEH_235,Standard Bus,50,90,Active
VEH_236,Standard Bus,50,50,Active
VEH_237,Standard Bus,30,90,Active
VEH_238,Articulated Bus,80,130,Active
VEH_239,Standard Bus,50,90,Active
VEH_240,Standard Bus,80,90,Active
VEH_241,Standard Bus,50,130,Active
VEH_242,Standard Bus,120,50,Active
VEH_243,Standard Bus,120,90,Active
VEH_244,Standard Bus,50,90,Active
VEH_245,Articulated Bus,120,130,Active
VEH_246,Articulated Bus,50,50,Active
VEH_247,Articulated Bus,120,90,Active
VEH_248,Standard Bus,30,130,Active
VEH_249,Standard Bus,30,90,Active
VEH_250,Mini Bus,30,200,Active
